index,critic_meta_score
0,100.0
1,100.0
2,100.0
3,100.0
4,100.0
5,100.0
6,100.0
7,80.0
8,100.0
9,100.0
10,100.0
11,90.0
12,100.0
13,100.0
14,90.0
15,100.0
16,100.0
17,100.0
18,100.0
19,100.0
20,100.0
21,100.0
22,100.0
23,100.0
24,100.0
25,100.0
26,100.0
27,100.0
28,100.0
29,100.0
30,100.0
31,100.0
32,100.0
33,100.0
34,100.0
35,100.0
36,100.0
37,100.0
38,80.0
39,100.0
40,100.0
41,80.0
42,75.0
43,100.0
44,100.0
45,100.0
46,100.0
47,100.0
48,80.0
49,100.0
50,88.0
51,100.0
52,100.0
53,90.0
54,88.0
55,100.0
56,100.0
57,100.0
58,90.0
59,100.0
60,100.0
61,100.0
62,100.0
63,100.0
64,83.0
65,90.0
66,75.0
67,100.0
68,100.0
69,90.0
70,90.0
71,100.0
72,90.0
73,90.0
74,100.0
75,100.0
76,80.0
77,83.0
78,90.0
79,90.0
80,90.0
81,100.0
82,100.0
83,100.0
84,90.0
85,90.0
86,90.0
87,100.0
88,90.0
89,100.0
90,100.0
91,100.0
92,100.0
93,80.0
94,90.0
95,70.0
96,100.0
97,100.0
98,100.0
99,100.0
100,100.0
101,100.0
102,100.0
103,60.0
104,70.0
105,90.0
106,91.0
107,90.0
108,80.0
109,100.0
110,100.0
111,100.0
112,100.0
113,75.0
114,100.0
115,100.0
116,90.0
117,90.0
118,70.0
119,100.0
120,100.0
122,100.0
123,100.0
124,100.0
125,90.0
126,60.0
127,100.0
128,100.0
129,88.0
130,100.0
131,80.0
132,100.0
133,100.0
134,100.0
135,60.0
136,100.0
137,88.0
138,90.0
139,90.0
140,80.0
141,91.0
142,100.0
143,100.0
144,100.0
145,100.0
146,100.0
147,100.0
148,100.0
149,100.0
150,100.0
151,90.0
152,100.0
153,80.0
154,80.0
155,90.0
156,80.0
157,100.0
158,100.0
159,100.0
160,88.0
161,90.0
162,90.0
163,100.0
164,100.0
165,100.0
166,100.0
167,100.0
168,60.0
169,80.0
170,70.0
171,100.0
172,100.0
173,95.0
174,90.0
175,100.0
176,90.0
177,90.0
178,80.0
179,100.0
180,100.0
181,100.0
182,100.0
183,100.0
184,50.0
185,87.0
186,90.0
187,90.0
188,100.0
189,100.0
190,100.0
191,60.0
192,70.0
193,91.0
194,100.0
195,100.0
196,100.0
197,80.0
198,85.0
199,90.0
200,100.0
201,100.0
202,80.0
203,90.0
204,80.0
205,100.0
206,100.0
207,80.0
208,91.0
209,100.0
210,95.0
211,100.0
212,70.0
213,100.0
214,91.0
215,90.0
216,88.0
217,83.0
218,100.0
219,100.0
220,90.0
221,100.0
222,90.0
223,83.0
224,88.0
225,90.0
226,91.0
227,100.0
228,80.0
229,80.0
230,90.0
231,80.0
232,90.0
233,80.0
234,75.0
235,97.0
236,100.0
237,100.0
238,80.0
239,70.0
240,90.0
241,83.0
242,100.0
243,90.0
244,90.0
245,90.0
246,90.0
247,91.0
248,100.0
249,100.0
250,80.0
251,100.0
252,88.0
253,100.0
254,90.0
255,83.0
256,100.0
257,67.0
258,80.0
259,100.0
260,90.0
261,80.0
262,80.0
263,60.0
264,100.0
265,90.0
266,90.0
267,70.0
268,80.0
269,75.0
270,90.0
271,80.0
272,80.0
273,88.0
274,100.0
275,91.0
276,90.0
277,80.0
278,100.0
279,100.0
280,80.0
281,80.0
282,90.0
283,100.0
284,100.0
285,100.0
286,91.0
287,91.0
288,90.0
289,80.0
290,80.0
291,100.0
292,100.0
293,90.0
294,91.0
295,100.0
296,91.0
297,100.0
298,91.0
299,100.0
300,100.0
301,90.0
302,88.0
303,90.0
304,80.0
305,50.0
306,80.0
307,91.0
308,90.0
309,100.0
310,100.0
311,90.0
312,100.0
313,80.0
314,80.0
315,100.0
316,100.0
317,80.0
318,60.0
319,91.0
320,80.0
321,75.0
322,100.0
323,90.0
324,90.0
325,80.0
326,80.0
327,91.0
328,100.0
329,100.0
330,75.0
331,50.0
332,80.0
333,90.0
334,80.0
335,80.0
336,90.0
337,91.0
338,100.0
339,90.0
340,70.0
341,90.0
342,85.0
343,80.0
344,100.0
345,100.0
346,70.0
347,100.0
348,70.0
349,100.0
350,80.0
351,90.0
352,90.0
353,67.0
354,80.0
355,100.0
356,100.0
357,90.0
358,100.0
359,90.0
360,80.0
361,88.0
362,80.0
363,90.0
364,90.0
365,90.0
366,90.0
367,80.0
368,70.0
369,80.0
370,100.0
371,88.0
372,91.0
373,90.0
374,80.0
375,100.0
376,90.0
377,100.0
378,90.0
379,88.0
380,90.0
381,50.0
382,90.0
383,100.0
384,75.0
385,90.0
386,91.0
387,100.0
388,100.0
389,80.0
390,100.0
391,80.0
392,88.0
393,83.0
394,83.0
395,100.0
396,70.0
397,75.0
398,83.0
399,100.0
400,70.0
401,70.0
402,100.0
403,100.0
404,100.0
405,90.0
406,90.0
407,80.0
408,100.0
409,90.0
410,80.0
411,80.0
412,100.0
413,100.0
414,80.0
415,80.0
416,60.0
417,88.0
418,100.0
419,90.0
420,100.0
421,100.0
422,100.0
423,100.0
424,90.0
425,90.0
426,88.0
427,100.0
428,100.0
429,90.0
430,83.0
431,100.0
432,100.0
433,70.0
434,80.0
435,75.0
436,50.0
437,90.0
438,80.0
439,80.0
440,100.0
441,70.0
442,100.0
443,100.0
444,83.0
445,90.0
446,90.0
447,70.0
448,80.0
449,90.0
450,100.0
451,100.0
452,90.0
453,90.0
454,80.0
455,100.0
457,90.0
458,90.0
459,90.0
460,75.0
461,80.0
462,100.0
463,60.0
464,100.0
465,80.0
466,100.0
467,100.0
468,90.0
469,91.0
470,100.0
471,80.0
472,100.0
473,100.0
474,100.0
475,90.0
476,90.0
477,100.0
478,90.0
479,60.0
480,70.0
481,100.0
482,100.0
483,100.0
484,100.0
485,100.0
486,100.0
487,100.0
488,100.0
489,100.0
490,40.0
491,70.0
492,90.0
493,90.0
494,80.0
495,90.0
496,90.0
497,67.0
498,60.0
499,90.0
500,100.0
501,90.0
502,80.0
503,100.0
504,100.0
505,80.0
506,80.0
507,100.0
508,92.0
509,80.0
510,90.0
511,80.0
512,100.0
513,90.0
514,91.0
515,90.0
516,90.0
517,75.0
518,90.0
519,90.0
520,100.0
521,80.0
522,90.0
523,80.0
524,96.0
525,80.0
526,60.0
527,100.0
528,100.0
529,90.0
530,83.0
531,80.0
532,80.0
533,100.0
534,100.0
535,60.0
536,90.0
537,70.0
538,75.0
539,80.0
540,90.0
541,90.0
542,90.0
543,100.0
544,97.0
545,90.0
546,90.0
547,91.0
548,90.0
549,80.0
550,90.0
551,90.0
552,90.0
553,90.0
554,83.0
555,100.0
556,100.0
557,100.0
558,90.0
559,90.0
560,60.0
561,80.0
562,70.0
563,90.0
564,90.0
565,100.0
566,80.0
567,100.0
568,89.0
569,80.0
570,80.0
571,100.0
572,100.0
573,100.0
574,80.0
575,90.0
576,88.0
577,100.0
578,80.0
579,30.0
580,100.0
581,80.0
582,75.0
583,75.0
584,50.0
585,90.0
586,100.0
587,90.0
588,100.0
589,100.0
590,100.0
591,70.0
592,80.0
593,70.0
594,88.0
595,80.0
596,100.0
597,100.0
598,90.0
599,100.0
600,80.0
601,97.0
602,90.0
603,90.0
604,90.0
605,50.0
606,100.0
607,90.0
608,80.0
609,83.0
610,88.0
611,80.0
612,100.0
613,88.0
614,80.0
615,88.0
616,100.0
617,92.0
618,100.0
619,88.0
620,90.0
621,100.0
622,50.0
623,92.0
624,80.0
625,60.0
626,60.0
627,60.0
628,70.0
629,90.0
630,90.0
631,75.0
632,90.0
633,90.0
634,80.0
635,80.0
636,80.0
637,80.0
638,80.0
639,70.0
640,67.0
641,60.0
642,90.0
643,75.0
644,90.0
645,100.0
646,100.0
647,100.0
648,100.0
649,80.0
650,83.0
651,50.0
652,70.0
653,100.0
654,100.0
655,100.0
656,100.0
657,100.0
658,100.0
659,90.0
660,90.0
661,85.0
662,80.0
663,90.0
664,90.0
665,80.0
666,91.0
667,91.0
668,88.0
669,90.0
670,90.0
671,90.0
672,90.0
673,100.0
674,100.0
675,80.0
676,80.0
677,100.0
678,70.0
679,90.0
680,100.0
681,100.0
682,100.0
683,100.0
684,100.0
685,60.0
686,60.0
687,88.0
688,90.0
689,60.0
690,80.0
691,80.0
692,80.0
693,83.0
694,100.0
695,75.0
696,80.0
697,80.0
698,100.0
699,90.0
700,90.0
701,70.0
702,80.0
703,80.0
704,80.0
705,90.0
706,100.0
707,100.0
708,90.0
709,80.0
710,70.0
711,100.0
712,90.0
713,100.0
714,100.0
715,80.0
716,100.0
717,80.0
718,91.0
719,60.0
720,70.0
721,75.0
722,75.0
723,80.0
724,90.0
725,100.0
726,60.0
727,63.0
728,70.0
729,60.0
730,60.0
731,90.0
732,70.0
733,90.0
734,83.0
735,70.0
736,80.0
737,100.0
738,88.0
739,90.0
740,90.0
741,90.0
742,90.0
743,80.0
744,60.0
745,50.0
746,100.0
747,80.0
748,90.0
749,91.0
750,100.0
751,90.0
752,70.0
753,90.0
754,80.0
755,90.0
756,70.0
757,75.0
758,80.0
759,80.0
760,90.0
761,85.0
762,80.0
763,90.0
764,75.0
765,100.0
766,90.0
767,100.0
768,100.0
769,80.0
770,80.0
771,80.0
772,80.0
773,80.0
774,100.0
775,100.0
776,70.0
777,80.0
778,83.0
779,83.0
780,90.0
781,91.0
782,100.0
783,88.0
784,100.0
785,80.0
786,90.0
787,90.0
788,90.0
789,90.0
790,100.0
791,100.0
792,80.0
793,91.0
794,100.0
795,60.0
796,80.0
797,80.0
798,80.0
799,90.0
800,90.0
801,100.0
802,100.0
803,91.0
804,80.0
805,100.0
806,90.0
807,70.0
808,100.0
809,75.0
810,80.0
811,80.0
812,100.0
813,90.0
814,100.0
815,80.0
816,80.0
817,91.0
818,90.0
819,90.0
820,80.0
821,80.0
822,80.0
823,70.0
824,80.0
825,75.0
826,90.0
827,90.0
828,90.0
829,60.0
830,100.0
831,60.0
832,100.0
833,100.0
834,100.0
835,70.0
836,80.0
837,100.0
838,80.0
839,90.0
840,90.0
841,70.0
842,80.0
843,90.0
844,70.0
845,90.0
846,70.0
847,100.0
848,80.0
849,70.0
850,75.0
851,75.0
852,50.0
853,100.0
854,100.0
855,100.0
856,82.0
857,90.0
858,100.0
859,100.0
860,88.0
861,70.0
862,70.0
863,70.0
864,80.0
865,80.0
866,83.0
867,88.0
868,90.0
869,91.0
870,100.0
871,90.0
872,100.0
873,100.0
874,90.0
875,75.0
876,80.0
877,80.0
878,70.0
879,80.0
880,70.0
881,100.0
882,91.0
883,91.0
884,80.0
885,80.0
886,60.0
887,91.0
888,90.0
889,80.0
890,75.0
891,80.0
892,100.0
893,100.0
894,91.0
895,90.0
896,80.0
897,100.0
898,80.0
899,70.0
900,100.0
901,80.0
902,70.0
903,100.0
904,80.0
905,50.0
906,90.0
907,90.0
908,91.0
909,80.0
910,100.0
911,100.0
912,70.0
913,60.0
914,100.0
915,100.0
916,80.0
917,80.0
918,90.0
919,75.0
920,75.0
921,86.0
922,55.0
923,60.0
924,80.0
925,88.0
926,90.0
927,91.0
928,100.0
929,100.0
930,91.0
931,80.0
932,70.0
933,70.0
934,70.0
935,80.0
936,80.0
937,83.0
938,90.0
939,100.0
940,100.0
941,80.0
942,80.0
943,80.0
944,100.0
945,90.0
946,90.0
947,60.0
948,70.0
949,80.0
950,88.0
951,80.0
952,80.0
953,80.0
954,83.0
955,88.0
956,70.0
957,75.0
958,75.0
959,80.0
960,80.0
961,80.0
962,63.0
963,50.0
964,91.0
965,90.0
966,100.0
967,91.0
968,100.0
969,70.0
970,90.0
971,90.0
972,80.0
973,70.0
974,100.0
975,80.0
976,80.0
977,100.0
978,75.0
979,75.0
980,80.0
981,90.0
982,100.0
983,100.0
984,90.0
985,90.0
986,80.0
987,80.0
988,80.0
989,75.0
990,90.0
991,100.0
992,70.0
993,65.0
994,100.0
995,70.0
996,70.0
997,75.0
998,90.0
999,80.0
1000,75.0
1001,90.0
1002,75.0
1003,80.0
1004,90.0
1005,100.0
1006,90.0
1007,90.0
1008,88.0
1009,100.0
1010,70.0
1011,58.0
1012,90.0
1013,80.0
1014,60.0
1015,80.0
1016,100.0
1017,90.0
1018,80.0
1019,80.0
1020,80.0
1021,100.0
1022,75.0
1023,80.0
1024,80.0
1025,80.0
1026,90.0
1027,80.0
1028,80.0
1029,90.0
1030,91.0
1031,20.0
1032,30.0
1033,100.0
1034,100.0
1035,50.0
1036,95.0
1037,75.0
1038,90.0
1039,90.0
1040,80.0
1041,90.0
1042,90.0
1043,100.0
1044,80.0
1045,74.0
1046,80.0
1047,80.0
1048,80.0
1049,80.0
1050,88.0
1051,80.0
1052,80.0
1053,91.0
1054,83.0
1055,80.0
1056,91.0
1057,90.0
1058,90.0
1059,90.0
1060,80.0
1061,80.0
1062,75.0
1063,80.0
1064,90.0
1065,90.0
1066,80.0
1067,91.0
1068,91.0
1069,90.0
1070,100.0
1071,84.0
1072,80.0
1073,70.0
1074,70.0
1075,74.0
1076,80.0
1077,70.0
1078,80.0
1079,60.0
1080,70.0
1081,83.0
1082,90.0
1083,67.0
1084,75.0
1085,80.0
1086,80.0
1087,90.0
1088,80.0
1089,80.0
1090,63.0
1091,100.0
1092,100.0
1093,100.0
1094,90.0
1095,90.0
1096,60.0
1097,50.0
1098,80.0
1099,80.0
1100,80.0
1101,100.0
1102,80.0
1103,90.0
1104,63.0
1105,80.0
1106,70.0
1107,80.0
1108,80.0
1109,75.0
1110,100.0
1111,91.0
1112,90.0
1113,90.0
1114,90.0
1115,60.0
1116,60.0
1117,75.0
1118,70.0
1119,90.0
1120,70.0
1121,100.0
1122,100.0
1123,65.0
1124,100.0
1125,80.0
1126,80.0
1127,90.0
1128,100.0
1129,70.0
1130,75.0
1131,91.0
1132,80.0
1133,80.0
1134,80.0
1135,80.0
1136,80.0
1137,75.0
1138,100.0
1139,100.0
1140,100.0
1141,83.0
1142,100.0
1143,75.0
1144,60.0
1145,70.0
1146,80.0
1147,90.0
1148,90.0
1149,88.0
1150,100.0
1151,80.0
1152,80.0
1153,80.0
1154,100.0
1155,90.0
1156,90.0
1157,80.0
1158,91.0
1159,80.0
1160,100.0
1161,91.0
1162,90.0
1163,83.0
1164,90.0
1165,80.0
1166,70.0
1167,67.0
1168,91.0
1169,83.0
1170,83.0
1171,70.0
1172,80.0
1173,83.0
1174,91.0
1175,80.0
1176,100.0
1177,80.0
1178,91.0
1179,80.0
1180,83.0
1181,83.0
1182,70.0
1183,80.0
1184,80.0
1185,91.0
1186,40.0
1187,80.0
1188,63.0
1189,80.0
1190,100.0
1191,83.0
1192,91.0
1193,100.0
1194,80.0
1195,90.0
1196,70.0
1197,80.0
1198,80.0
1199,75.0
1200,80.0
1201,80.0
1202,100.0
1203,83.0
1204,70.0
1205,60.0
1206,80.0
1207,80.0
1208,83.0
1209,100.0
1210,90.0
1211,60.0
1212,80.0
1213,90.0
1214,90.0
1215,91.0
1216,90.0
1217,70.0
1218,75.0
1219,90.0
1220,90.0
1221,90.0
1222,90.0
1223,80.0
1224,80.0
1225,83.0
1226,83.0
1227,80.0
1228,70.0
1229,80.0
1230,75.0
1231,75.0
1232,90.0
1233,80.0
1234,80.0
1235,91.0
1236,100.0
1237,100.0
1238,80.0
1239,90.0
1240,100.0
1241,70.0
1242,91.0
1243,91.0
1244,70.0
1245,60.0
1246,90.0
1247,80.0
1248,80.0
1249,70.0
1250,67.0
1251,60.0
1252,80.0
1253,91.0
1254,80.0
1255,95.0
1256,100.0
1257,100.0
1258,92.0
1259,88.0
1260,90.0
1261,88.0
1262,80.0
1263,80.0
1264,50.0
1265,75.0
1266,75.0
1267,50.0
1268,80.0
1269,80.0
1270,90.0
1271,88.0
1272,90.0
1273,50.0
1274,80.0
1275,91.0
1276,80.0
1277,75.0
1278,80.0
1279,80.0
1280,70.0
1281,100.0
1282,100.0
1283,80.0
1284,70.0
1285,90.0
1286,90.0
1287,90.0
1288,90.0
1289,67.0
1290,80.0
1291,80.0
1292,80.0
1293,80.0
1294,70.0
1295,40.0
1296,40.0
1297,80.0
1298,100.0
1299,90.0
1300,80.0
1301,80.0
1302,75.0
1303,80.0
1304,90.0
1305,100.0
1306,100.0
1307,100.0
1308,100.0
1309,80.0
1310,90.0
1311,100.0
1312,91.0
1313,80.0
1314,90.0
1315,90.0
1316,90.0
1317,90.0
1318,88.0
1319,88.0
1320,83.0
1321,80.0
1322,90.0
1323,75.0
1324,75.0
1325,70.0
1326,70.0
1327,100.0
1328,80.0
1329,70.0
1330,100.0
1331,100.0
1332,80.0
1333,80.0
1334,83.0
1336,80.0
1337,80.0
1338,80.0
1339,90.0
1340,100.0
1341,50.0
1342,83.0
1343,80.0
1344,83.0
1345,50.0
1346,90.0
1347,80.0
1348,80.0
1349,83.0
1350,70.0
1351,75.0
1352,60.0
1353,91.0
1354,83.0
1355,91.0
1356,100.0
1357,80.0
1358,80.0
1359,80.0
1360,80.0
1361,80.0
1362,96.0
1363,91.0
1364,90.0
1365,60.0
1366,60.0
1367,75.0
1368,57.0
1369,60.0
1370,50.0
1371,90.0
1372,100.0
1373,100.0
1374,100.0
1375,98.0
1376,100.0
1377,60.0
1378,60.0
1379,60.0
1380,70.0
1381,90.0
1382,80.0
1383,87.0
1384,50.0
1385,80.0
1386,90.0
1387,90.0
1388,100.0
1389,100.0
1390,80.0
1391,91.0
1392,90.0
1393,80.0
1394,80.0
1395,80.0
1396,80.0
1397,70.0
1398,70.0
1399,60.0
1400,100.0
1401,91.0
1402,91.0
1403,100.0
1404,90.0
1405,70.0
1407,80.0
1408,80.0
1409,80.0
1410,80.0
1411,80.0
1412,100.0
1413,100.0
1414,95.0
1415,90.0
1416,90.0
1417,100.0
1418,90.0
1419,83.0
1420,80.0
1421,50.0
1422,63.0
1423,90.0
1424,70.0
1425,90.0
1426,100.0
1427,100.0
1428,70.0
1429,70.0
1430,90.0
1431,80.0
1432,58.0
1433,80.0
1434,70.0
1435,70.0
1436,80.0
1437,80.0
1438,100.0
1439,80.0
1440,90.0
1441,75.0
1442,80.0
1443,100.0
1444,90.0
1445,70.0
1446,80.0
1447,80.0
1448,75.0
1449,90.0
1450,80.0
1451,85.0
1452,90.0
1453,90.0
1454,90.0
1455,75.0
1456,75.0
1457,60.0
1458,70.0
1459,80.0
1460,75.0
1461,80.0
1462,80.0
1463,90.0
1464,80.0
1465,90.0
1466,60.0
1467,70.0
1468,50.0
1469,100.0
1470,100.0
1471,80.0
1472,60.0
1473,80.0
1474,80.0
1475,100.0
1476,91.0
1477,90.0
1478,80.0
1479,80.0
1480,83.0
1481,90.0
1482,80.0
1483,70.0
1484,80.0
1485,90.0
1486,90.0
1487,80.0
1488,88.0
1489,100.0
1490,75.0
1491,50.0
1492,80.0
1493,80.0
1494,88.0
1495,80.0
1496,90.0
1497,40.0
1498,91.0
1499,100.0
1500,100.0
1501,100.0
1502,100.0
1503,80.0
1504,80.0
1505,100.0
1506,80.0
1507,80.0
1508,80.0
1509,50.0
1510,80.0
1511,60.0
1512,90.0
1513,90.0
1514,80.0
1515,80.0
1516,70.0
1517,85.0
1518,60.0
1519,100.0
1520,91.0
1521,80.0
1522,83.0
1523,80.0
1524,80.0
1525,60.0
1526,80.0
1527,70.0
1528,50.0
1529,70.0
1530,100.0
1531,80.0
1532,90.0
1533,90.0
1534,83.0
1535,91.0
1536,90.0
1537,80.0
1538,80.0
1539,80.0
1540,80.0
1541,80.0
1542,100.0
1543,70.0
1544,83.0
1545,80.0
1546,80.0
1547,90.0
1548,83.0
1549,83.0
1550,80.0
1551,90.0
1552,80.0
1553,75.0
1554,70.0
1555,60.0
1556,80.0
1557,63.0
1558,80.0
1559,80.0
1560,100.0
1561,91.0
1562,70.0
1563,80.0
1564,91.0
1565,80.0
1566,80.0
1567,80.0
1568,80.0
1569,63.0
1570,91.0
1571,88.0
1572,50.0
1573,75.0
1574,60.0
1575,88.0
1576,83.0
1577,80.0
1578,60.0
1579,70.0
1580,91.0
1581,80.0
1582,83.0
1583,80.0
1584,70.0
1585,58.0
1586,70.0
1587,83.0
1588,91.0
1589,80.0
1590,80.0
1591,80.0
1592,100.0
1593,90.0
1594,90.0
1595,80.0
1596,70.0
1597,80.0
1598,100.0
1599,80.0
1600,90.0
1601,60.0
1602,63.0
1603,100.0
1604,50.0
1605,80.0
1606,60.0
1607,80.0
1608,80.0
1609,75.0
1610,90.0
1611,80.0
1612,80.0
1613,70.0
1614,91.0
1615,80.0
1616,72.0
1617,70.0
1618,70.0
1619,90.0
1620,91.0
1621,100.0
1622,80.0
1623,90.0
1624,90.0
1625,80.0
1626,80.0
1627,90.0
1628,100.0
1629,100.0
1630,50.0
1631,80.0
1632,70.0
1633,60.0
1634,83.0
1635,90.0
1636,83.0
1637,75.0
1638,80.0
1639,50.0
1640,90.0
1641,80.0
1642,70.0
1643,90.0
1644,90.0
1645,100.0
1646,90.0
1647,100.0
1648,91.0
1649,90.0
1650,75.0
1651,50.0
1652,70.0
1653,70.0
1654,75.0
1655,80.0
1656,80.0
1657,60.0
1658,60.0
1659,80.0
1660,90.0
1661,90.0
1662,100.0
1663,90.0
1664,70.0
1665,100.0
1666,70.0
1667,80.0
1668,100.0
1669,50.0
1670,63.0
1671,50.0
1672,75.0
1673,75.0
1674,75.0
1675,100.0
1676,90.0
1677,94.0
1678,70.0
1679,60.0
1680,80.0
1681,90.0
1682,50.0
1683,88.0
1685,91.0
1686,90.0
1687,80.0
1688,83.0
1689,60.0
1690,70.0
1691,55.0
1692,90.0
1693,80.0
1694,80.0
1695,80.0
1696,75.0
1697,60.0
1698,50.0
1699,80.0
1700,80.0
1701,50.0
1702,80.0
1703,75.0
1704,40.0
1705,58.0
1706,75.0
1707,90.0
1708,88.0
1709,70.0
1710,83.0
1711,80.0
1712,70.0
1713,80.0
1714,70.0
1715,80.0
1716,91.0
1717,60.0
1718,80.0
1719,75.0
1720,67.0
1721,80.0
1722,91.0
1723,80.0
1724,88.0
1725,100.0
1726,100.0
1727,80.0
1728,80.0
1729,75.0
1730,100.0
1731,90.0
1732,88.0
1733,40.0
1734,63.0
1735,70.0
1736,80.0
1737,60.0
1738,60.0
1739,93.0
1740,91.0
1741,70.0
1742,80.0
1743,80.0
1744,80.0
1745,80.0
1746,60.0
1747,70.0
1748,80.0
1749,80.0
1750,80.0
1751,70.0
1752,80.0
1753,80.0
1754,80.0
1755,80.0
1756,90.0
1757,50.0
1758,50.0
1759,88.0
1760,83.0
1761,75.0
1762,80.0
1763,80.0
1764,75.0
1765,100.0
1766,91.0
1767,90.0
1768,83.0
1769,90.0
1770,80.0
1771,80.0
1772,80.0
1773,80.0
1774,80.0
1775,75.0
1776,80.0
1777,70.0
1778,75.0
1779,70.0
1780,90.0
1781,80.0
1782,83.0
1783,80.0
1784,80.0
1785,70.0
1786,70.0
1787,80.0
1788,85.0
1789,100.0
1790,100.0
1791,80.0
1792,90.0
1793,70.0
1794,40.0
1795,100.0
1796,80.0
1797,100.0
1798,80.0
1799,75.0
1800,60.0
1801,50.0
1802,70.0
1803,80.0
1804,83.0
1805,80.0
1806,80.0
1807,83.0
1808,80.0
1809,70.0
1810,85.0
1811,80.0
1812,80.0
1813,80.0
1814,80.0
1815,80.0
1816,75.0
1817,80.0
1818,80.0
1819,100.0
1820,90.0
1821,88.0
1822,83.0
1823,88.0
1824,91.0
1825,90.0
1826,42.0
1827,70.0
1828,75.0
1829,75.0
1830,100.0
1831,91.0
1832,70.0
1833,80.0
1834,80.0
1835,90.0
1836,80.0
1837,80.0
1838,88.0
1839,75.0
1840,80.0
1841,90.0
1842,90.0
1843,75.0
1844,63.0
1845,80.0
1846,80.0
1847,80.0
1848,50.0
1849,50.0
1850,70.0
1851,75.0
1852,75.0
1853,80.0
1854,88.0
1855,90.0
1856,100.0
1857,75.0
1858,70.0
1859,76.0
1860,50.0
1861,75.0
1862,75.0
1863,70.0
1864,70.0
1865,50.0
1866,50.0
1867,80.0
1868,60.0
1869,50.0
1870,83.0
1871,100.0
1872,83.0
1873,84.0
1874,85.0
1875,88.0
1876,100.0
1877,90.0
1878,100.0
1879,91.0
1880,90.0
1881,90.0
1882,90.0
1883,100.0
1884,80.0
1885,70.0
1886,60.0
1887,67.0
1888,70.0
1889,70.0
1890,80.0
1891,90.0
1892,80.0
1893,80.0
1894,60.0
1895,80.0
1896,63.0
1897,80.0
1898,70.0
1899,90.0
1900,67.0
1901,60.0
1902,80.0
1903,67.0
1904,80.0
1905,100.0
1906,90.0
1907,85.0
1908,90.0
1909,90.0
1910,100.0
1911,80.0
1912,90.0
1913,50.0
1914,80.0
1915,80.0
1916,60.0
1917,40.0
1918,80.0
1919,80.0
1920,80.0
1921,80.0
1922,80.0
1923,80.0
1924,80.0
1925,80.0
1926,80.0
1927,75.0
1928,80.0
1929,70.0
1930,91.0
1931,88.0
1932,60.0
1933,100.0
1934,90.0
1935,80.0
1936,67.0
1937,63.0
1938,60.0
1939,75.0
1940,100.0
1941,80.0
1942,70.0
1943,100.0
1944,80.0
1945,80.0
1946,80.0
1947,63.0
1948,80.0
1949,80.0
1950,80.0
1951,70.0
1952,40.0
1953,90.0
1954,60.0
1955,80.0
1956,70.0
1957,75.0
1958,80.0
1959,80.0
1960,80.0
1961,83.0
1962,75.0
1963,80.0
1964,80.0
1965,70.0
1966,80.0
1967,88.0
1968,40.0
1969,50.0
1970,88.0
1971,88.0
1972,80.0
1973,75.0
1974,75.0
1975,60.0
1976,100.0
1977,80.0
1978,70.0
1979,80.0
1980,100.0
1981,100.0
1982,70.0
1983,70.0
1984,90.0
1985,80.0
1986,80.0
1987,80.0
1988,90.0
1989,70.0
1990,80.0
1991,75.0
1992,70.0
1993,80.0
1994,75.0
1995,75.0
1996,88.0
1997,90.0
1998,100.0
1999,100.0
2000,63.0
2001,60.0
2002,70.0
2003,70.0
2004,83.0
2005,80.0
2006,80.0
2007,80.0
2008,80.0
2009,80.0
2010,88.0
2011,90.0
2012,70.0
2013,80.0
2014,100.0
2015,80.0
2016,50.0
2017,75.0
2018,58.0
2019,70.0
2020,100.0
2021,70.0
2022,80.0
2023,80.0
2024,80.0
2025,80.0
2026,80.0
2027,50.0
2028,67.0
2029,80.0
2030,80.0
2031,80.0
2032,80.0
2033,100.0
2034,50.0
2035,70.0
2036,80.0
2037,75.0
2038,70.0
2039,60.0
2040,50.0
2041,75.0
2042,50.0
2043,80.0
2044,75.0
2045,80.0
2046,80.0
2047,100.0
2048,88.0
2049,40.0
2050,90.0
2051,67.0
2052,70.0
2053,70.0
2054,80.0
2055,80.0
2056,60.0
2057,70.0
2058,60.0
2059,80.0
2060,70.0
2061,80.0
2062,75.0
2063,90.0
2064,90.0
2065,90.0
2066,50.0
2067,67.0
2068,75.0
2069,80.0
2070,80.0
2071,83.0
2072,80.0
2073,88.0
2074,80.0
2075,70.0
2076,50.0
2077,90.0
2078,90.0
2079,67.0
2080,50.0
2081,70.0
2082,80.0
2083,80.0
2084,80.0
2085,70.0
2086,70.0
2087,75.0
2088,75.0
2089,30.0
2090,67.0
2091,50.0
2092,83.0
2093,80.0
2094,80.0
2095,80.0
2096,100.0
2097,100.0
2098,100.0
2099,100.0
2100,100.0
2101,90.0
2102,50.0
2103,100.0
2104,100.0
2105,91.0
2106,80.0
2107,80.0
2108,100.0
2109,80.0
2110,89.0
2111,60.0
2112,75.0
2113,75.0
2114,75.0
2115,80.0
2116,70.0
2117,80.0
2118,70.0
2119,90.0
2120,90.0
2121,70.0
2122,90.0
2123,90.0
2124,100.0
2125,85.0
2126,80.0
2127,90.0
2128,91.0
2129,70.0
2130,67.0
2131,60.0
2132,58.0
2133,55.0
2134,59.0
2135,75.0
2136,75.0
2137,75.0
2138,45.0
2139,70.0
2140,50.0
2141,75.0
2142,80.0
2143,80.0
2144,91.0
2145,83.0
2146,70.0
2147,80.0
2148,83.0
2149,80.0
2150,80.0
2151,80.0
2152,70.0
2153,100.0
2154,80.0
2155,70.0
2156,90.0
2157,80.0
2158,91.0
2159,90.0
2160,80.0
2161,60.0
2162,70.0
2163,70.0
2164,70.0
2165,80.0
2166,80.0
2167,63.0
2168,80.0
2169,80.0
2170,80.0
2171,80.0
2172,83.0
2173,50.0
2174,67.0
2175,70.0
2176,100.0
2177,90.0
2178,83.0
2179,70.0
2180,67.0
2181,80.0
2182,80.0
2183,50.0
2184,60.0
2185,100.0
2186,80.0
2187,63.0
2188,50.0
2189,83.0
2190,70.0
2191,80.0
2192,60.0
2193,85.0
2194,70.0
2195,70.0
2196,80.0
2197,70.0
2198,80.0
2199,80.0
2200,80.0
2201,80.0
2202,75.0
2203,83.0
2204,90.0
2205,91.0
2206,90.0
2207,70.0
2208,70.0
2209,80.0
2210,80.0
2211,63.0
2212,70.0
2213,80.0
2214,60.0
2215,80.0
2216,60.0
2217,100.0
2218,100.0
2219,80.0
2220,83.0
2221,80.0
2222,80.0
2223,40.0
2224,75.0
2225,75.0
2226,75.0
2227,60.0
2228,100.0
2229,80.0
2230,70.0
2231,80.0
2232,80.0
2233,88.0
2234,83.0
2235,80.0
2236,70.0
2237,70.0
2238,70.0
2239,75.0
2240,80.0
2241,80.0
2242,80.0
2243,88.0
2244,60.0
2245,67.0
2246,50.0
2247,90.0
2248,100.0
2249,100.0
2250,92.0
2251,83.0
2252,50.0
2253,50.0
2254,70.0
2255,80.0
2256,90.0
2257,90.0
2258,90.0
2259,70.0
2260,75.0
2261,90.0
2262,90.0
2263,90.0
2264,70.0
2265,60.0
2266,80.0
2267,80.0
2268,75.0
2269,80.0
2270,75.0
2271,70.0
2272,75.0
2273,75.0
2274,80.0
2275,88.0
2276,70.0
2277,80.0
2278,70.0
2279,58.0
2280,80.0
2281,90.0
2282,80.0
2283,90.0
2284,83.0
2285,91.0
2286,40.0
2287,75.0
2288,75.0
2289,74.0
2290,80.0
2291,80.0
2292,70.0
2293,70.0
2294,70.0
2295,83.0
2296,80.0
2297,70.0
2298,70.0
2299,80.0
2300,80.0
2301,80.0
2302,91.0
2303,75.0
2304,70.0
2305,70.0
2306,80.0
2307,63.0
2308,90.0
2310,80.0
2311,70.0
2312,80.0
2313,60.0
2314,50.0
2315,40.0
2316,90.0
2317,60.0
2318,70.0
2319,100.0
2320,80.0
2321,70.0
2322,50.0
2323,83.0
2324,50.0
2325,75.0
2326,68.0
2327,60.0
2328,80.0
2329,80.0
2330,80.0
2331,80.0
2332,91.0
2333,100.0
2334,90.0
2335,42.0
2336,80.0
2337,83.0
2338,90.0
2339,70.0
2340,70.0
2341,70.0
2342,80.0
2343,70.0
2344,80.0
2345,60.0
2346,88.0
2347,50.0
2348,60.0
2349,80.0
2350,80.0
2351,70.0
2352,70.0
2353,70.0
2354,90.0
2355,67.0
2356,90.0
2357,80.0
2358,80.0
2359,75.0
2360,80.0
2361,70.0
2362,60.0
2363,60.0
2364,70.0
2365,75.0
2366,75.0
2367,91.0
2368,80.0
2369,85.0
2370,70.0
2371,83.0
2372,80.0
2373,70.0
2374,70.0
2375,79.0
2376,80.0
2377,80.0
2378,100.0
2379,80.0
2380,80.0
2381,100.0
2382,80.0
2383,80.0
2384,60.0
2385,75.0
2386,75.0
2387,75.0
2388,80.0
2389,70.0
2390,50.0
2391,60.0
2392,70.0
2393,70.0
2394,75.0
2395,88.0
2396,80.0
2397,80.0
2398,70.0
2399,70.0
2400,50.0
2401,80.0
2402,60.0
2403,67.0
2404,80.0
2405,60.0
2406,80.0
2407,90.0
2408,83.0
2409,80.0
2410,50.0
2411,50.0
2412,50.0
2413,100.0
2414,96.0
2415,91.0
2416,80.0
2417,80.0
2418,80.0
2419,80.0
2420,50.0
2421,80.0
2422,50.0
2423,80.0
2424,80.0
2425,70.0
2426,80.0
2427,75.0
2428,90.0
2429,60.0
2430,80.0
2431,70.0
2432,83.0
2433,100.0
2434,80.0
2435,60.0
2436,80.0
2437,70.0
2438,80.0
2439,70.0
2440,100.0
2441,80.0
2442,80.0
2443,83.0
2444,80.0
2445,80.0
2446,50.0
2447,80.0
2448,80.0
2449,70.0
2450,70.0
2451,80.0
2452,75.0
2453,60.0
2454,91.0
2455,70.0
2456,83.0
2457,70.0
2458,60.0
2459,67.0
2460,80.0
2461,60.0
2462,80.0
2463,80.0
2464,50.0
2465,83.0
2466,80.0
2467,80.0
2468,80.0
2469,80.0
2470,70.0
2471,80.0
2472,50.0
2473,83.0
2474,80.0
2475,80.0
2476,55.0
2477,75.0
2478,75.0
2479,50.0
2480,70.0
2481,80.0
2482,80.0
2483,90.0
2484,80.0
2485,50.0
2486,88.0
2487,80.0
2488,75.0
2489,75.0
2490,60.0
2491,60.0
2492,75.0
2493,80.0
2494,75.0
2495,90.0
2496,80.0
2497,50.0
2498,75.0
2499,80.0
2500,80.0
2501,75.0
2502,75.0
2503,70.0
2504,80.0
2505,85.0
2506,83.0
2507,90.0
2508,80.0
2509,80.0
2510,70.0
2511,50.0
2512,80.0
2513,50.0
2514,91.0
2515,70.0
2516,80.0
2517,80.0
2518,60.0
2519,80.0
2520,83.0
2521,80.0
2522,70.0
2523,70.0
2524,50.0
2525,80.0
2526,80.0
2527,70.0
2528,80.0
2529,80.0
2530,83.0
2531,80.0
2532,75.0
2533,40.0
2534,83.0
2535,80.0
2536,60.0
2537,60.0
2538,67.0
2539,80.0
2540,80.0
2541,80.0
2542,80.0
2543,50.0
2544,80.0
2545,80.0
2546,83.0
2547,83.0
2548,65.0
2549,70.0
2550,60.0
2551,80.0
2552,80.0
2553,80.0
2554,60.0
2555,80.0
2556,80.0
2557,90.0
2558,90.0
2559,90.0
2560,60.0
2561,80.0
2562,40.0
2563,37.0
2564,50.0
2565,67.0
2566,70.0
2567,40.0
2568,63.0
2569,80.0
2570,90.0
2571,80.0
2572,83.0
2573,75.0
2574,60.0
2575,60.0
2576,67.0
2577,80.0
2578,80.0
2579,63.0
2580,80.0
2581,80.0
2582,80.0
2583,80.0
2584,75.0
2585,60.0
2586,70.0
2587,80.0
2588,80.0
2589,70.0
2590,80.0
2591,70.0
2592,75.0
2593,83.0
2594,88.0
2595,67.0
2596,70.0
2597,80.0
2598,100.0
2599,80.0
2600,83.0
2601,85.0
2602,83.0
2603,83.0
2604,80.0
2605,90.0
2606,75.0
2607,67.0
2608,30.0
2609,70.0
2610,70.0
2611,80.0
2612,80.0
2613,70.0
2614,70.0
2615,70.0
2616,70.0
2617,70.0
2618,50.0
2619,80.0
2620,70.0
2621,83.0
2622,90.0
2623,60.0
2624,90.0
2625,80.0
2626,70.0
2627,58.0
2628,50.0
2629,50.0
2630,40.0
2631,75.0
2632,70.0
2633,85.0
2634,75.0
2635,70.0
2636,70.0
2637,80.0
2638,70.0
2639,75.0
2640,60.0
2641,94.0
2642,50.0
2643,67.0
2644,75.0
2645,60.0
2646,75.0
2647,80.0
2648,80.0
2649,60.0
2650,90.0
2651,70.0
2652,90.0
2653,80.0
2654,90.0
2655,100.0
2657,80.0
2658,60.0
2659,50.0
2660,50.0
2661,50.0
2662,80.0
2663,60.0
2664,75.0
2665,88.0
2666,80.0
2667,80.0
2668,70.0
2669,100.0
2670,90.0
2671,90.0
2672,70.0
2673,70.0
2674,70.0
2675,60.0
2676,80.0
2677,40.0
2678,70.0
2679,80.0
2680,80.0
2681,83.0
2682,91.0
2683,70.0
2684,87.0
2685,80.0
2686,80.0
2687,80.0
2688,70.0
2689,80.0
2690,83.0
2691,91.0
2692,70.0
2693,70.0
2694,50.0
2695,90.0
2696,60.0
2697,80.0
2698,40.0
2699,80.0
2700,75.0
2701,80.0
2702,90.0
2703,50.0
2704,80.0
2705,85.0
2706,80.0
2707,80.0
2708,80.0
2709,70.0
2710,60.0
2711,80.0
2712,60.0
2713,80.0
2714,67.0
2715,75.0
2716,75.0
2717,80.0
2718,70.0
2719,70.0
2720,80.0
2721,80.0
2722,70.0
2723,80.0
2724,80.0
2725,80.0
2726,80.0
2728,80.0
2729,80.0
2730,100.0
2731,60.0
2732,75.0
2733,75.0
2734,50.0
2735,80.0
2736,80.0
2737,60.0
2738,70.0
2739,90.0
2740,80.0
2741,83.0
2742,50.0
2743,70.0
2744,70.0
2745,60.0
2746,50.0
2747,80.0
2748,80.0
2749,70.0
2750,80.0
2751,88.0
2752,75.0
2753,63.0
2754,70.0
2755,80.0
2756,75.0
2757,80.0
2758,50.0
2759,80.0
2760,67.0
2761,60.0
2762,50.0
2763,50.0
2764,70.0
2765,80.0
2766,80.0
2767,70.0
2768,80.0
2769,88.0
2770,90.0
2771,90.0
2772,70.0
2773,70.0
2774,90.0
2775,75.0
2776,70.0
2777,60.0
2778,90.0
2779,100.0
2780,80.0
2781,80.0
2782,82.0
2783,80.0
2784,50.0
2785,90.0
2786,60.0
2787,67.0
2788,70.0
2789,70.0
2790,70.0
2791,80.0
2792,91.0
2793,90.0
2794,83.0
2795,80.0
2796,80.0
2797,50.0
2798,70.0
2799,69.0
2800,70.0
2801,70.0
2802,80.0
2803,80.0
2804,83.0
2805,100.0
2806,70.0
2807,70.0
2808,80.0
2809,67.0
2810,75.0
2811,75.0
2813,100.0
2814,80.0
2815,40.0
2816,100.0
2817,80.0
2818,80.0
2819,80.0
2820,80.0
2821,60.0
2822,70.0
2823,70.0
2824,70.0
2825,60.0
2826,80.0
2827,80.0
2828,83.0
2829,63.0
2830,70.0
2831,83.0
2832,80.0
2833,83.0
2834,70.0
2835,70.0
2836,83.0
2837,75.0
2838,80.0
2839,80.0
2840,80.0
2841,50.0
2842,80.0
2843,80.0
2844,80.0
2845,80.0
2846,70.0
2847,60.0
2848,30.0
2849,80.0
2850,88.0
2851,83.0
2852,60.0
2853,75.0
2854,75.0
2855,83.0
2856,83.0
2857,85.0
2858,70.0
2859,80.0
2860,88.0
2861,60.0
2862,40.0
2863,80.0
2864,70.0
2865,75.0
2866,80.0
2867,60.0
2868,50.0
2869,80.0
2870,80.0
2871,75.0
2872,60.0
2873,70.0
2874,100.0
2875,80.0
2876,80.0
2877,75.0
2878,80.0
2879,80.0
2880,70.0
2881,90.0
2882,90.0
2883,70.0
2884,80.0
2885,80.0
2886,60.0
2887,70.0
2888,50.0
2889,80.0
2890,60.0
2891,90.0
2892,50.0
2893,75.0
2894,80.0
2895,80.0
2896,80.0
2897,80.0
2898,80.0
2899,83.0
2900,80.0
2901,88.0
2902,75.0
2903,70.0
2904,70.0
2905,50.0
2906,70.0
2907,60.0
2908,80.0
2909,100.0
2910,100.0
2911,75.0
2912,67.0
2913,70.0
2914,80.0
2915,80.0
2916,91.0
2917,80.0
2918,75.0
2919,91.0
2920,75.0
2921,80.0
2922,70.0
2923,50.0
2924,60.0
2925,50.0
2926,50.0
2927,90.0
2928,90.0
2929,75.0
2930,90.0
2931,75.0
2932,75.0
2933,75.0
2934,80.0
2935,70.0
2936,80.0
2937,60.0
2938,70.0
2939,80.0
2940,80.0
2941,83.0
2942,75.0
2943,70.0
2944,60.0
2945,60.0
2946,90.0
2947,70.0
2948,80.0
2949,75.0
2950,70.0
2951,80.0
2952,80.0
2953,88.0
2954,91.0
2955,50.0
2956,90.0
2957,80.0
2958,80.0
2959,90.0
2960,60.0
2961,80.0
2962,50.0
2963,80.0
2964,42.0
2965,70.0
2966,58.0
2967,60.0
2968,50.0
2969,70.0
2970,80.0
2971,90.0
2972,80.0
2973,75.0
2974,90.0
2975,80.0
2976,70.0
2977,75.0
2978,75.0
2979,70.0
2980,88.0
2981,91.0
2982,80.0
2983,80.0
2984,80.0
2985,80.0
2986,83.0
2987,91.0
2988,60.0
2989,40.0
2990,70.0
2991,75.0
2992,80.0
2993,67.0
2994,70.0
2995,75.0
2996,80.0
2997,40.0
2998,80.0
2999,80.0
3000,60.0
3001,75.0
3002,75.0
3003,80.0
3004,80.0
3005,75.0
3006,80.0
3007,80.0
3008,83.0
3009,83.0
3010,80.0
3011,80.0
3012,90.0
3013,80.0
3014,80.0
3015,70.0
3016,75.0
3017,80.0
3018,80.0
3019,80.0
3020,90.0
3021,83.0
3022,80.0
3023,90.0
3024,50.0
3025,70.0
3026,70.0
3027,70.0
3028,70.0
3029,80.0
3030,80.0
3031,70.0
3032,90.0
3033,88.0
3034,75.0
3035,80.0
3036,80.0
3037,75.0
3038,75.0
3039,80.0
3040,70.0
3041,67.0
3042,60.0
3043,75.0
3044,58.0
3045,50.0
3046,40.0
3047,60.0
3048,100.0
3049,60.0
3050,100.0
3051,60.0
3052,50.0
3053,50.0
3054,50.0
3055,83.0
3056,90.0
3057,91.0
3058,80.0
3059,90.0
3060,68.0
3061,70.0
3062,60.0
3063,70.0
3064,70.0
3065,80.0
3066,80.0
3067,100.0
3068,75.0
3069,70.0
3070,50.0
3071,80.0
3072,75.0
3073,60.0
3074,60.0
3075,60.0
3076,80.0
3077,85.0
3078,80.0
3079,80.0
3080,80.0
3081,70.0
3082,70.0
3083,20.0
3085,75.0
3086,70.0
3087,70.0
3088,70.0
3089,91.0
3090,88.0
3091,91.0
3092,80.0
3093,80.0
3094,83.0
3095,80.0
3096,63.0
3097,70.0
3098,70.0
3099,70.0
3100,60.0
3101,60.0
3102,50.0
3103,75.0
3104,60.0
3105,90.0
3106,80.0
3107,80.0
3108,80.0
3109,80.0
3110,50.0
3111,70.0
3112,75.0
3113,60.0
3114,50.0
3115,80.0
3116,80.0
3117,80.0
3118,88.0
3119,83.0
3120,80.0
3121,70.0
3122,80.0
3123,80.0
3124,60.0
3125,70.0
3126,70.0
3127,70.0
3128,80.0
3129,75.0
3130,83.0
3131,70.0
3132,40.0
3133,60.0
3134,90.0
3135,60.0
3136,30.0
3137,100.0
3138,70.0
3139,90.0
3140,75.0
3141,80.0
3142,70.0
3143,70.0
3144,90.0
3145,70.0
3146,60.0
3147,90.0
3148,75.0
3149,70.0
3150,80.0
3151,75.0
3152,70.0
3153,75.0
3154,75.0
3155,80.0
3156,50.0
3157,90.0
3158,83.0
3159,83.0
3160,83.0
3161,80.0
3162,63.0
3163,60.0
3164,58.0
3165,50.0
3166,50.0
3167,70.0
3168,70.0
3169,80.0
3170,87.0
3171,83.0
3172,60.0
3173,60.0
3174,70.0
3175,75.0
3176,80.0
3177,80.0
3178,80.0
3179,83.0
3180,90.0
3181,50.0
3182,50.0
3183,80.0
3184,67.0
3185,83.0
3186,90.0
3187,88.0
3188,90.0
3189,70.0
3190,80.0
3191,70.0
3192,80.0
3193,91.0
3194,70.0
3195,70.0
3196,90.0
3197,100.0
3198,70.0
3199,50.0
3200,60.0
3201,80.0
3202,80.0
3203,85.0
3204,70.0
3205,80.0
3206,80.0
3207,67.0
3208,50.0
3209,80.0
3210,80.0
3211,100.0
3212,80.0
3213,100.0
3214,70.0
3215,80.0
3216,100.0
3217,70.0
3218,67.0
3219,80.0
3220,60.0
3221,75.0
3222,70.0
3223,70.0
3224,70.0
3225,100.0
3226,88.0
3227,50.0
3228,80.0
3229,75.0
3230,50.0
3231,90.0
3232,40.0
3233,90.0
3234,75.0
3235,91.0
3236,88.0
3237,80.0
3238,70.0
3239,60.0
3240,60.0
3241,50.0
3242,75.0
3243,70.0
3244,70.0
3245,80.0
3246,60.0
3247,70.0
3248,50.0
3249,58.0
3250,50.0
3251,50.0
3252,50.0
3253,100.0
3254,80.0
3255,80.0
3256,88.0
3257,80.0
3258,70.0
3259,83.0
3260,60.0
3261,70.0
3262,67.0
3263,80.0
3264,80.0
3265,80.0
3266,80.0
3267,80.0
3268,60.0
3269,68.0
3270,67.0
3271,80.0
3272,60.0
3273,40.0
3274,80.0
3275,75.0
3276,70.0
3277,50.0
3278,80.0
3279,80.0
3280,60.0
3281,83.0
3282,40.0
3283,70.0
3284,75.0
3285,50.0
3286,75.0
3287,83.0
3288,40.0
3289,83.0
3290,70.0
3291,75.0
3292,70.0
3293,80.0
3294,70.0
3295,70.0
3296,90.0
3297,80.0
3298,60.0
3299,70.0
3300,80.0
3301,70.0
3302,91.0
3303,67.0
3304,90.0
3305,60.0
3306,50.0
3307,88.0
3308,91.0
3309,70.0
3310,80.0
3311,85.0
3312,80.0
3313,70.0
3314,70.0
3315,80.0
3316,75.0
3317,90.0
3318,90.0
3319,100.0
3320,75.0
3321,75.0
3322,70.0
3323,80.0
3324,80.0
3325,50.0
3326,60.0
3327,80.0
3328,70.0
3329,83.0
3330,75.0
3331,70.0
3332,60.0
3333,60.0
3334,70.0
3335,70.0
3336,75.0
3337,75.0
3338,70.0
3339,60.0
3340,90.0
3341,88.0
3342,70.0
3343,100.0
3344,50.0
3345,67.0
3346,80.0
3347,60.0
3348,80.0
3349,100.0
3350,91.0
3351,75.0
3352,40.0
3353,30.0
3354,90.0
3355,80.0
3356,80.0
3357,50.0
3358,60.0
3359,70.0
3360,80.0
3361,70.0
3362,70.0
3363,50.0
3364,50.0
3365,83.0
3366,50.0
3367,65.0
3368,67.0
3369,75.0
3370,100.0
3371,70.0
3372,60.0
3373,40.0
3374,50.0
3375,63.0
3376,80.0
3377,80.0
3378,60.0
3379,72.0
3380,80.0
3381,70.0
3382,70.0
3383,80.0
3384,89.0
3385,67.0
3386,70.0
3387,70.0
3388,83.0
3389,75.0
3390,80.0
3391,100.0
3392,33.0
3393,60.0
3394,83.0
3395,75.0
3396,70.0
3397,70.0
3398,80.0
3399,80.0
3400,91.0
3401,80.0
3402,50.0
3403,70.0
3404,70.0
3405,80.0
3406,60.0
3407,40.0
3408,70.0
3409,60.0
3410,91.0
3411,80.0
3412,70.0
3413,60.0
3414,60.0
3415,60.0
3416,40.0
3417,70.0
3418,75.0
3419,91.0
3420,80.0
3421,58.0
3422,60.0
3423,70.0
3424,63.0
3425,80.0
3426,50.0
3427,67.0
3428,100.0
3429,58.0
3430,80.0
3431,60.0
3432,58.0
3433,67.0
3434,80.0
3435,50.0
3436,70.0
3437,90.0
3438,70.0
3439,70.0
3440,80.0
3441,60.0
3442,70.0
3443,60.0
3444,60.0
3445,55.0
3446,80.0
3447,83.0
3448,80.0
3449,80.0
3450,80.0
3451,70.0
3452,70.0
3453,80.0
3454,67.0
3455,50.0
3456,80.0
3457,90.0
3458,100.0
3459,80.0
3460,75.0
3461,75.0
3462,80.0
3463,60.0
3464,40.0
3465,91.0
3466,70.0
3467,80.0
3468,60.0
3469,70.0
3470,80.0
3471,80.0
3472,80.0
3473,85.0
3474,75.0
3475,60.0
3476,91.0
3477,80.0
3478,80.0
3479,100.0
3480,40.0
3481,60.0
3482,60.0
3483,40.0
3484,80.0
3485,70.0
3486,63.0
3487,80.0
3488,80.0
3489,80.0
3490,80.0
3491,90.0
3492,80.0
3493,80.0
3494,91.0
3495,70.0
3496,70.0
3497,50.0
3498,60.0
3499,50.0
3500,67.0
3501,70.0
3502,60.0
3503,67.0
3504,80.0
3505,70.0
3506,60.0
3507,60.0
3508,70.0
3509,75.0
3510,70.0
3511,70.0
3512,60.0
3513,91.0
3514,100.0
3515,80.0
3516,75.0
3517,60.0
3518,75.0
3519,50.0
3520,67.0
3521,100.0
3522,80.0
3523,90.0
3524,67.0
3525,75.0
3526,90.0
3527,90.0
3528,67.0
3529,60.0
3530,70.0
3531,60.0
3532,70.0
3533,30.0
3534,70.0
3535,70.0
3536,60.0
3537,70.0
3538,80.0
3539,80.0
3540,80.0
3541,67.0
3542,70.0
3543,75.0
3544,75.0
3545,80.0
3546,80.0
3547,60.0
3548,80.0
3549,70.0
3550,70.0
3551,67.0
3552,50.0
3553,80.0
3554,80.0
3555,73.0
3556,70.0
3557,63.0
3558,83.0
3559,80.0
3560,80.0
3561,75.0
3562,83.0
3563,80.0
3564,80.0
3565,60.0
3566,70.0
3567,75.0
3568,80.0
3569,80.0
3570,80.0
3571,80.0
3572,80.0
3573,77.0
3574,100.0
3575,40.0
3576,70.0
3577,70.0
3578,67.0
3579,75.0
3580,40.0
3581,60.0
3582,58.0
3583,50.0
3584,50.0
3585,60.0
3586,70.0
3587,70.0
3588,50.0
3589,50.0
3590,80.0
3591,83.0
3592,70.0
3593,67.0
3594,75.0
3595,80.0
3596,80.0
3597,82.0
3598,88.0
3599,65.0
3600,80.0
3601,100.0
3602,75.0
3603,80.0
3604,60.0
3605,50.0
3606,60.0
3607,88.0
3608,80.0
3609,80.0
3610,60.0
3611,80.0
3612,60.0
3613,70.0
3614,80.0
3615,80.0
3616,70.0
3617,60.0
3618,85.0
3619,83.0
3620,80.0
3621,60.0
3622,60.0
3623,83.0
3624,80.0
3625,60.0
3626,50.0
3627,80.0
3628,80.0
3630,70.0
3631,60.0
3632,60.0
3633,70.0
3634,70.0
3635,70.0
3636,80.0
3637,80.0
3638,40.0
3639,80.0
3640,90.0
3641,80.0
3642,90.0
3643,83.0
3644,80.0
3645,60.0
3646,60.0
3647,70.0
3648,50.0
3649,40.0
3650,80.0
3651,50.0
3652,70.0
3653,72.0
3654,67.0
3655,40.0
3656,83.0
3657,100.0
3658,40.0
3659,75.0
3660,80.0
3661,88.0
3662,60.0
3663,40.0
3664,20.0
3665,91.0
3666,80.0
3667,60.0
3668,70.0
3669,80.0
3670,80.0
3671,70.0
3672,50.0
3673,70.0
3674,60.0
3675,60.0
3676,100.0
3677,100.0
3678,60.0
3679,50.0
3680,100.0
3681,100.0
3682,80.0
3683,80.0
3684,75.0
3685,70.0
3686,60.0
3687,58.0
3688,70.0
3689,58.0
3690,40.0
3691,70.0
3692,80.0
3693,60.0
3694,60.0
3695,80.0
3696,50.0
3697,80.0
3698,25.0
3699,50.0
3700,50.0
3701,60.0
3702,60.0
3703,60.0
3704,50.0
3705,80.0
3706,83.0
3707,70.0
3708,70.0
3709,75.0
3710,40.0
3711,50.0
3712,80.0
3713,80.0
3714,75.0
3715,50.0
3716,80.0
3717,60.0
3718,70.0
3719,70.0
3720,100.0
3721,91.0
3722,88.0
3723,80.0
3724,80.0
3725,80.0
3726,80.0
3727,83.0
3728,80.0
3729,60.0
3730,70.0
3731,50.0
3732,30.0
3733,30.0
3734,91.0
3735,75.0
3736,67.0
3737,40.0
3738,60.0
3739,80.0
3740,70.0
3741,80.0
3742,75.0
3743,60.0
3744,70.0
3745,83.0
3746,81.0
3747,78.0
3748,80.0
3749,88.0
3750,40.0
3751,70.0
3752,70.0
3753,75.0
3754,70.0
3755,70.0
3756,70.0
3757,60.0
3758,50.0
3759,50.0
3760,70.0
3761,60.0
3762,50.0
3763,50.0
3764,50.0
3765,70.0
3766,83.0
3767,91.0
3768,75.0
3769,50.0
3770,50.0
3771,70.0
3772,50.0
3773,78.0
3774,60.0
3775,70.0
3776,75.0
3777,50.0
3778,83.0
3779,80.0
3780,70.0
3781,30.0
3782,35.0
3783,40.0
3784,60.0
3785,70.0
3786,83.0
3787,90.0
3788,80.0
3789,80.0
3790,30.0
3791,75.0
3792,60.0
3793,80.0
3794,80.0
3795,70.0
3796,60.0
3797,75.0
3798,70.0
3799,80.0
3800,70.0
3801,80.0
3802,91.0
3803,80.0
3804,70.0
3805,60.0
3806,50.0
3807,100.0
3808,88.0
3809,80.0
3810,67.0
3811,50.0
3812,75.0
3813,67.0
3814,75.0
3815,75.0
3816,67.0
3817,63.0
3818,67.0
3819,75.0
3820,60.0
3821,80.0
3822,90.0
3823,70.0
3824,75.0
3825,100.0
3826,100.0
3827,100.0
3828,90.0
3829,88.0
3830,83.0
3831,80.0
3832,75.0
3833,70.0
3834,60.0
3835,50.0
3836,58.0
3837,42.0
3838,50.0
3839,80.0
3840,70.0
3841,80.0
3842,70.0
3843,75.0
3844,50.0
3845,50.0
3846,60.0
3847,50.0
3848,50.0
3849,58.0
3850,60.0
3851,82.0
3852,100.0
3853,82.0
3854,70.0
3855,70.0
3856,70.0
3857,70.0
3858,80.0
3859,100.0
3860,75.0
3861,40.0
3862,40.0
3863,40.0
3864,80.0
3865,80.0
3866,80.0
3867,80.0
3868,80.0
3869,60.0
3870,70.0
3871,42.0
3872,80.0
3873,75.0
3874,50.0
3875,60.0
3876,80.0
3877,40.0
3878,85.0
3879,83.0
3880,80.0
3881,60.0
3882,50.0
3883,75.0
3884,70.0
3885,60.0
3886,60.0
3887,70.0
3888,80.0
3889,60.0
3890,83.0
3891,75.0
3892,60.0
3893,50.0
3894,60.0
3895,70.0
3896,70.0
3897,50.0
3898,60.0
3899,91.0
3900,70.0
3901,60.0
3902,75.0
3903,80.0
3904,80.0
3905,75.0
3906,70.0
3907,70.0
3908,70.0
3909,80.0
3910,72.0
3911,88.0
3912,89.0
3913,58.0
3914,50.0
3915,50.0
3916,90.0
3917,60.0
3918,70.0
3919,70.0
3920,75.0
3921,63.0
3922,80.0
3923,60.0
3924,80.0
3925,70.0
3926,60.0
3927,60.0
3928,70.0
3929,70.0
3930,70.0
3931,75.0
3932,60.0
3933,45.0
3934,100.0
3935,100.0
3936,75.0
3937,70.0
3938,80.0
3939,60.0
3940,52.0
3941,80.0
3942,75.0
3943,75.0
3944,70.0
3945,50.0
3946,70.0
3947,80.0
3948,91.0
3949,60.0
3950,50.0
3951,50.0
3952,70.0
3953,80.0
3954,75.0
3955,70.0
3956,70.0
3957,58.0
3958,60.0
3959,70.0
3960,60.0
3961,40.0
3962,70.0
3963,70.0
3964,50.0
3965,40.0
3966,80.0
3967,83.0
3968,100.0
3969,70.0
3970,100.0
3971,80.0
3972,70.0
3973,50.0
3974,50.0
3975,80.0
3976,100.0
3977,58.0
3978,50.0
3979,100.0
3980,90.0
3981,90.0
3982,60.0
3983,80.0
3984,80.0
3985,75.0
3986,80.0
3987,57.0
3988,70.0
3989,70.0
3990,67.0
3991,60.0
3992,50.0
3993,50.0
3994,40.0
3995,75.0
3996,75.0
3997,75.0
3998,70.0
3999,50.0
4000,30.0
4001,75.0
4002,78.0
4003,40.0
4004,67.0
4005,50.0
4006,60.0
4007,80.0
4008,80.0
4009,70.0
4010,67.0
4011,70.0
4012,75.0
4013,67.0
4014,50.0
4015,60.0
4016,70.0
4017,60.0
4018,60.0
4019,70.0
4020,75.0
4021,70.0
4022,75.0
4023,75.0
4024,67.0
4025,67.0
4026,30.0
4027,50.0
4028,30.0
4029,88.0
4030,80.0
4031,80.0
4032,60.0
4033,72.0
4034,67.0
4035,50.0
4036,70.0
4037,80.0
4038,80.0
4039,80.0
4040,75.0
4041,80.0
4042,60.0
4043,65.0
4044,40.0
4045,70.0
4046,80.0
4047,80.0
4048,75.0
4049,60.0
4050,60.0
4051,42.0
4052,70.0
4053,70.0
4054,60.0
4055,40.0
4056,100.0
4057,100.0
4058,60.0
4059,80.0
4060,63.0
4061,67.0
4062,80.0
4063,75.0
4064,60.0
4065,60.0
4066,67.0
4067,80.0
4068,80.0
4069,70.0
4070,63.0
4071,75.0
4072,70.0
4073,80.0
4074,75.0
4075,50.0
4076,100.0
4077,70.0
4078,80.0
4079,80.0
4080,73.0
4081,60.0
4082,70.0
4083,70.0
4084,63.0
4085,70.0
4086,91.0
4087,80.0
4088,80.0
4089,88.0
4090,75.0
4091,80.0
4092,60.0
4093,58.0
4094,40.0
4095,70.0
4096,50.0
4097,80.0
4098,40.0
4099,80.0
4100,70.0
4101,80.0
4102,60.0
4103,42.0
4104,70.0
4105,80.0
4106,67.0
4107,40.0
4108,60.0
4109,70.0
4110,67.0
4111,50.0
4112,50.0
4113,83.0
4114,90.0
4115,88.0
4116,80.0
4117,80.0
4118,80.0
4119,50.0
4120,67.0
4121,63.0
4122,67.0
4123,70.0
4124,70.0
4125,70.0
4126,70.0
4127,70.0
4128,70.0
4129,50.0
4130,40.0
4131,40.0
4132,83.0
4133,80.0
4134,80.0
4135,80.0
4136,80.0
4137,76.0
4138,70.0
4139,88.0
4140,70.0
4141,70.0
4142,60.0
4143,58.0
4144,65.0
4145,40.0
4146,70.0
4147,80.0
4148,63.0
4149,90.0
4150,83.0
4151,83.0
4152,83.0
4153,83.0
4154,90.0
4155,30.0
4156,40.0
4157,70.0
4158,80.0
4159,80.0
4160,60.0
4161,80.0
4162,70.0
4163,75.0
4164,70.0
4165,80.0
4166,70.0
4167,60.0
4168,88.0
4169,37.0
4170,25.0
4171,90.0
4172,40.0
4173,40.0
4174,91.0
4175,50.0
4176,100.0
4177,80.0
4178,80.0
4179,67.0
4180,60.0
4181,60.0
4182,75.0
4183,60.0
4184,60.0
4185,70.0
4186,83.0
4187,60.0
4188,67.0
4189,75.0
4190,75.0
4191,75.0
4192,70.0
4193,80.0
4194,80.0
4195,80.0
4196,80.0
4197,80.0
4198,60.0
4199,80.0
4200,83.0
4201,91.0
4202,50.0
4203,70.0
4204,75.0
4205,75.0
4206,60.0
4207,70.0
4208,70.0
4209,67.0
4210,60.0
4211,50.0
4212,50.0
4213,80.0
4214,50.0
4215,80.0
4216,75.0
4217,40.0
4219,58.0
4220,70.0
4221,70.0
4222,63.0
4223,80.0
4224,70.0
4225,50.0
4226,40.0
4227,60.0
4228,83.0
4229,80.0
4230,90.0
4231,70.0
4232,40.0
4233,50.0
4234,40.0
4235,70.0
4236,100.0
4237,75.0
4238,70.0
4239,67.0
4240,60.0
4241,60.0
4242,60.0
4243,80.0
4244,75.0
4245,75.0
4246,75.0
4247,80.0
4248,63.0
4249,67.0
4250,50.0
4251,63.0
4252,90.0
4253,70.0
4254,80.0
4255,40.0
4256,40.0
4257,80.0
4258,70.0
4259,60.0
4260,80.0
4261,75.0
4262,50.0
4263,63.0
4264,60.0
4265,83.0
4266,63.0
4267,60.0
4268,60.0
4269,80.0
4270,75.0
4271,70.0
4272,70.0
4273,88.0
4274,75.0
4275,80.0
4276,80.0
4277,70.0
4278,70.0
4279,63.0
4280,58.0
4281,50.0
4282,50.0
4283,60.0
4284,75.0
4285,80.0
4286,80.0
4287,50.0
4288,91.0
4289,90.0
4290,91.0
4291,75.0
4292,80.0
4293,83.0
4294,65.0
4295,50.0
4296,50.0
4297,60.0
4298,50.0
4299,40.0
4300,70.0
4301,70.0
4302,75.0
4303,90.0
4304,83.0
4305,80.0
4306,58.0
4307,70.0
4308,50.0
4309,40.0
4310,30.0
4311,70.0
4312,40.0
4313,50.0
4314,80.0
4315,80.0
4316,75.0
4317,63.0
4318,50.0
4319,70.0
4320,50.0
4321,70.0
4322,70.0
4323,50.0
4324,60.0
4325,75.0
4326,75.0
4327,70.0
4328,70.0
4329,60.0
4330,20.0
4331,33.0
4332,30.0
4333,91.0
4334,75.0
4335,55.0
4336,30.0
4337,40.0
4338,80.0
4339,80.0
4340,80.0
4341,88.0
4342,100.0
4343,67.0
4344,70.0
4345,70.0
4346,80.0
4347,70.0
4348,60.0
4349,63.0
4350,60.0
4351,90.0
4352,50.0
4353,80.0
4354,80.0
4355,80.0
4356,91.0
4357,70.0
4358,80.0
4359,83.0
4360,75.0
4361,70.0
4362,70.0
4363,70.0
4364,70.0
4365,88.0
4366,60.0
4367,50.0
4368,60.0
4369,70.0
4370,63.0
4371,70.0
4372,70.0
4373,60.0
4374,40.0
4375,60.0
4376,80.0
4377,80.0
4378,50.0
4379,80.0
4380,70.0
4381,80.0
4382,50.0
4383,60.0
4384,70.0
4385,75.0
4386,70.0
4387,50.0
4388,60.0
4389,60.0
4390,70.0
4391,91.0
4392,73.0
4393,60.0
4394,70.0
4395,70.0
4396,63.0
4397,40.0
4398,83.0
4399,75.0
4400,60.0
4401,67.0
4402,60.0
4403,58.0
4404,70.0
4405,60.0
4406,91.0
4407,80.0
4408,70.0
4409,50.0
4410,70.0
4411,50.0
4412,91.0
4413,40.0
4414,50.0
4415,75.0
4416,91.0
4417,83.0
4418,80.0
4419,50.0
4420,75.0
4421,55.0
4422,60.0
4423,67.0
4424,75.0
4425,60.0
4426,70.0
4427,70.0
4428,70.0
4429,60.0
4430,80.0
4431,50.0
4432,80.0
4433,50.0
4434,42.0
4435,40.0
4436,90.0
4437,80.0
4438,50.0
4439,75.0
4440,80.0
4441,50.0
4442,70.0
4443,50.0
4444,60.0
4445,50.0
4446,60.0
4447,70.0
4448,80.0
4449,80.0
4450,83.0
4451,91.0
4452,88.0
4453,90.0
4454,75.0
4455,80.0
4456,50.0
4457,42.0
4458,50.0
4459,60.0
4460,50.0
4461,60.0
4462,70.0
4463,75.0
4464,80.0
4465,50.0
4466,50.0
4467,50.0
4468,50.0
4469,83.0
4470,83.0
4471,100.0
4472,88.0
4473,16.0
4474,30.0
4475,75.0
4476,75.0
4477,80.0
4478,80.0
4479,80.0
4480,50.0
4481,75.0
4482,40.0
4483,67.0
4484,60.0
4485,80.0
4486,80.0
4487,91.0
4488,90.0
4489,80.0
4490,83.0
4491,40.0
4492,55.0
4493,60.0
4494,60.0
4495,63.0
4496,60.0
4497,88.0
4498,80.0
4499,83.0
4500,40.0
4501,70.0
4502,40.0
4503,80.0
4504,60.0
4505,50.0
4506,70.0
4507,75.0
4508,75.0
4509,90.0
4510,83.0
4511,80.0
4512,70.0
4513,50.0
4514,50.0
4515,50.0
4516,50.0
4517,70.0
4518,67.0
4519,70.0
4520,58.0
4521,83.0
4522,80.0
4523,75.0
4524,75.0
4525,10.0
4526,40.0
4527,50.0
4528,40.0
4529,60.0
4530,70.0
4531,50.0
4532,50.0
4533,70.0
4534,67.0
4535,67.0
4536,50.0
4537,70.0
4538,70.0
4539,75.0
4540,75.0
4541,50.0
4542,80.0
4543,40.0
4544,80.0
4545,75.0
4546,70.0
4547,50.0
4548,40.0
4549,50.0
4550,75.0
4551,92.0
4552,60.0
4553,80.0
4554,90.0
4555,70.0
4556,50.0
4557,60.0
4558,75.0
4559,60.0
4560,60.0
4561,40.0
4562,83.0
4563,70.0
4564,70.0
4565,70.0
4566,70.0
4567,82.0
4568,80.0
4569,40.0
4570,40.0
4571,100.0
4572,80.0
4573,50.0
4574,58.0
4575,70.0
4576,100.0
4577,75.0
4578,80.0
4579,91.0
4580,80.0
4581,70.0
4582,70.0
4583,70.0
4584,70.0
4585,70.0
4586,70.0
4587,70.0
4588,60.0
4589,60.0
4590,60.0
4591,60.0
4592,50.0
4593,50.0
4594,40.0
4595,50.0
4596,100.0
4597,75.0
4598,70.0
4599,70.0
4600,80.0
4601,80.0
4602,75.0
4603,75.0
4604,67.0
4605,88.0
4606,70.0
4607,40.0
4608,67.0
4609,60.0
4610,60.0
4611,50.0
4612,60.0
4613,75.0
4614,80.0
4615,90.0
4616,83.0
4617,80.0
4618,80.0
4619,50.0
4620,50.0
4621,50.0
4622,40.0
4623,80.0
4624,70.0
4625,60.0
4626,100.0
4627,80.0
4628,80.0
4629,55.0
4630,63.0
4631,67.0
4632,60.0
4633,60.0
4634,58.0
4635,60.0
4636,50.0
4637,50.0
4638,30.0
4639,60.0
4640,80.0
4641,67.0
4642,50.0
4643,50.0
4644,50.0
4645,50.0
4646,80.0
4647,90.0
4648,75.0
4649,70.0
4650,83.0
4651,80.0
4652,50.0
4653,40.0
4654,70.0
4655,80.0
4656,90.0
4657,50.0
4658,70.0
4659,70.0
4660,70.0
4661,60.0
4662,60.0
4663,60.0
4664,60.0
4665,50.0
4666,80.0
4667,68.0
4668,70.0
4669,75.0
4670,75.0
4671,60.0
4672,67.0
4673,83.0
4674,91.0
4675,70.0
4676,80.0
4677,60.0
4678,75.0
4679,65.0
4680,60.0
4681,67.0
4682,60.0
4683,80.0
4684,70.0
4685,40.0
4686,70.0
4687,60.0
4688,60.0
4689,60.0
4690,80.0
4691,50.0
4692,70.0
4693,80.0
4694,100.0
4695,60.0
4696,60.0
4697,50.0
4698,50.0
4699,70.0
4700,75.0
4701,60.0
4702,50.0
4703,42.0
4704,80.0
4705,70.0
4706,80.0
4707,75.0
4708,70.0
4709,70.0
4710,60.0
4711,40.0
4712,60.0
4713,75.0
4714,83.0
4715,50.0
4716,40.0
4717,70.0
4718,75.0
4719,90.0
4720,75.0
4721,60.0
4722,80.0
4723,70.0
4724,75.0
4725,50.0
4726,40.0
4727,30.0
4728,70.0
4729,60.0
4730,70.0
4731,70.0
4732,60.0
4733,50.0
4734,50.0
4735,80.0
4736,50.0
4737,70.0
4738,70.0
4739,80.0
4740,30.0
4741,80.0
4742,40.0
4743,91.0
4744,80.0
4745,80.0
4746,50.0
4747,50.0
4748,70.0
4749,75.0
4750,50.0
4751,60.0
4752,80.0
4753,80.0
4754,80.0
4755,70.0
4756,70.0
4757,50.0
4758,50.0
4759,40.0
4760,40.0
4761,50.0
4762,75.0
4763,75.0
4764,80.0
4765,70.0
4766,80.0
4767,70.0
4768,75.0
4769,70.0
4770,60.0
4771,50.0
4772,60.0
4773,60.0
4774,50.0
4775,80.0
4776,70.0
4777,70.0
4778,80.0
4779,58.0
4780,70.0
4781,70.0
4782,50.0
4783,65.0
4784,60.0
4785,75.0
4786,80.0
4787,80.0
4788,80.0
4789,60.0
4790,80.0
4791,50.0
4792,50.0
4793,50.0
4794,70.0
4795,75.0
4796,60.0
4797,60.0
4798,60.0
4799,60.0
4800,89.0
4801,60.0
4802,75.0
4803,60.0
4804,60.0
4805,78.0
4806,67.0
4807,75.0
4808,80.0
4809,80.0
4810,75.0
4811,75.0
4812,70.0
4813,58.0
4814,40.0
4815,40.0
4816,70.0
4817,70.0
4818,70.0
4819,50.0
4820,80.0
4821,80.0
4822,70.0
4823,75.0
4824,60.0
4825,60.0
4826,63.0
4827,58.0
4828,50.0
4829,80.0
4830,80.0
4831,83.0
4832,80.0
4833,70.0
4834,58.0
4835,70.0
4836,70.0
4837,50.0
4838,70.0
4839,50.0
4840,80.0
4841,70.0
4842,30.0
4843,70.0
4844,80.0
4845,75.0
4846,70.0
4847,75.0
4848,70.0
4849,70.0
4851,80.0
4852,50.0
4853,60.0
4854,80.0
4855,75.0
4856,50.0
4857,40.0
4858,20.0
4859,70.0
4860,80.0
4861,75.0
4862,70.0
4863,60.0
4864,60.0
4865,60.0
4866,75.0
4867,80.0
4868,60.0
4869,80.0
4870,80.0
4871,50.0
4872,70.0
4873,60.0
4874,70.0
4875,33.0
4876,60.0
4877,60.0
4878,91.0
4879,75.0
4880,80.0
4881,80.0
4882,30.0
4883,40.0
4884,50.0
4885,50.0
4886,70.0
4887,80.0
4888,80.0
4889,70.0
4890,75.0
4891,67.0
4892,70.0
4893,60.0
4894,60.0
4895,60.0
4896,83.0
4897,50.0
4898,93.0
4899,50.0
4900,80.0
4901,85.0
4902,80.0
4903,75.0
4904,80.0
4905,30.0
4906,50.0
4907,60.0
4908,80.0
4909,83.0
4910,75.0
4911,83.0
4912,88.0
4913,100.0
4914,70.0
4915,70.0
4916,20.0
4917,50.0
4918,50.0
4919,50.0
4920,70.0
4921,58.0
4922,40.0
4923,70.0
4924,70.0
4925,60.0
4926,60.0
4927,63.0
4928,90.0
4929,80.0
4930,80.0
4931,75.0
4932,70.0
4933,70.0
4934,58.0
4935,50.0
4936,50.0
4937,60.0
4938,90.0
4939,100.0
4940,75.0
4941,70.0
4942,83.0
4943,50.0
4944,40.0
4945,40.0
4946,70.0
4947,70.0
4948,50.0
4949,80.0
4950,80.0
4951,70.0
4952,70.0
4953,70.0
4954,30.0
4955,40.0
4956,40.0
4957,60.0
4958,90.0
4959,30.0
4960,50.0
4961,70.0
4962,80.0
4963,60.0
4964,60.0
4965,75.0
4966,70.0
4967,63.0
4968,60.0
4969,50.0
4970,100.0
4971,50.0
4972,80.0
4973,80.0
4974,70.0
4975,60.0
4976,70.0
4977,80.0
4978,70.0
4979,50.0
4980,60.0
4981,67.0
4982,60.0
4983,60.0
4984,70.0
4985,80.0
4986,60.0
4987,75.0
4988,80.0
4989,75.0
4990,75.0
4991,60.0
4992,60.0
4993,83.0
4994,50.0
4995,60.0
4996,58.0
4997,75.0
4998,80.0
4999,100.0
5000,42.0
5001,40.0
5002,40.0
5003,70.0
5004,80.0
5005,88.0
5006,70.0
5007,60.0
5008,40.0
5009,40.0
5010,70.0
5011,40.0
5012,70.0
5013,70.0
5014,75.0
5015,50.0
5016,70.0
5017,91.0
5018,83.0
5019,75.0
5020,50.0
5021,40.0
5022,80.0
5023,70.0
5024,70.0
5025,67.0
5026,40.0
5027,58.0
5028,80.0
5029,60.0
5030,80.0
5031,70.0
5032,80.0
5033,70.0
5034,80.0
5035,80.0
5036,75.0
5037,63.0
5038,50.0
5039,67.0
5040,40.0
5041,50.0
5042,70.0
5043,80.0
5044,40.0
5045,50.0
5046,70.0
5047,70.0
5048,60.0
5049,58.0
5050,30.0
5051,40.0
5052,60.0
5053,60.0
5054,70.0
5055,70.0
5056,50.0
5057,70.0
5058,60.0
5059,50.0
5060,70.0
5061,70.0
5062,70.0
5063,60.0
5064,50.0
5065,50.0
5066,67.0
5067,88.0
5068,75.0
5069,70.0
5070,50.0
5071,70.0
5072,70.0
5073,70.0
5074,75.0
5075,63.0
5076,80.0
5077,80.0
5078,50.0
5079,70.0
5080,88.0
5081,70.0
5082,42.0
5083,80.0
5084,75.0
5085,70.0
5086,70.0
5087,70.0
5088,60.0
5089,50.0
5090,80.0
5091,50.0
5092,70.0
5093,60.0
5094,67.0
5095,70.0
5096,75.0
5097,80.0
5098,58.0
5099,80.0
5100,30.0
5101,30.0
5102,88.0
5103,90.0
5104,63.0
5105,70.0
5106,80.0
5107,75.0
5108,60.0
5109,40.0
5110,50.0
5111,60.0
5112,70.0
5113,60.0
5114,58.0
5115,70.0
5116,80.0
5117,50.0
5118,75.0
5119,70.0
5120,88.0
5121,70.0
5122,58.0
5123,50.0
5124,80.0
5125,83.0
5126,50.0
5127,70.0
5128,80.0
5129,70.0
5130,40.0
5131,65.0
5132,80.0
5133,80.0
5134,80.0
5135,25.0
5136,58.0
5137,40.0
5138,80.0
5139,70.0
5140,75.0
5141,40.0
5142,40.0
5143,50.0
5144,55.0
5145,60.0
5146,63.0
5147,63.0
5148,60.0
5149,60.0
5150,70.0
5151,60.0
5152,70.0
5153,75.0
5154,91.0
5155,80.0
5156,70.0
5157,70.0
5158,40.0
5159,70.0
5160,50.0
5161,80.0
5162,70.0
5163,75.0
5164,75.0
5165,70.0
5166,70.0
5167,70.0
5168,75.0
5169,63.0
5170,70.0
5171,67.0
5172,70.0
5173,67.0
5174,50.0
5175,75.0
5176,70.0
5177,70.0
5178,50.0
5179,75.0
5180,50.0
5181,50.0
5182,40.0
5183,30.0
5184,20.0
5185,60.0
5186,60.0
5187,80.0
5188,80.0
5189,80.0
5190,75.0
5191,83.0
5192,90.0
5193,80.0
5194,70.0
5195,70.0
5196,63.0
5197,37.0
5198,83.0
5199,80.0
5200,70.0
5201,60.0
5202,20.0
5203,67.0
5204,50.0
5205,50.0
5206,70.0
5207,80.0
5208,80.0
5209,70.0
5210,67.0
5211,63.0
5212,80.0
5213,60.0
5214,90.0
5215,50.0
5216,75.0
5217,60.0
5218,50.0
5219,60.0
5220,40.0
5221,50.0
5222,80.0
5223,83.0
5224,64.0
5225,58.0
5226,60.0
5227,70.0
5228,80.0
5229,68.0
5230,60.0
5231,50.0
5232,45.0
5233,80.0
5234,80.0
5235,40.0
5236,50.0
5237,80.0
5238,40.0
5239,80.0
5240,80.0
5241,40.0
5242,100.0
5243,80.0
5244,60.0
5245,70.0
5246,70.0
5247,40.0
5248,80.0
5249,50.0
5250,40.0
5251,50.0
5252,40.0
5253,80.0
5254,70.0
5255,83.0
5256,50.0
5257,50.0
5258,60.0
5259,80.0
5260,75.0
5261,30.0
5262,50.0
5263,50.0
5264,75.0
5265,70.0
5266,70.0
5267,60.0
5268,81.0
5269,70.0
5270,67.0
5271,40.0
5272,90.0
5273,80.0
5274,40.0
5275,70.0
5276,40.0
5277,70.0
5278,60.0
5279,70.0
5280,70.0
5281,30.0
5282,40.0
5283,100.0
5284,80.0
5285,60.0
5286,63.0
5287,70.0
5288,50.0
5289,70.0
5290,50.0
5291,75.0
5292,45.0
5293,58.0
5294,60.0
5295,42.0
5296,50.0
5297,40.0
5298,90.0
5299,75.0
5300,75.0
5301,75.0
5302,80.0
5303,90.0
5304,75.0
5305,80.0
5306,70.0
5307,67.0
5308,70.0
5309,50.0
5310,40.0
5311,63.0
5312,60.0
5313,63.0
5315,60.0
5316,40.0
5317,80.0
5318,60.0
5319,70.0
5320,50.0
5321,40.0
5322,70.0
5323,50.0
5324,40.0
5325,70.0
5326,40.0
5327,80.0
5328,50.0
5329,50.0
5330,25.0
5331,65.0
5332,70.0
5333,70.0
5334,38.0
5335,37.0
5336,80.0
5337,75.0
5338,80.0
5339,80.0
5340,70.0
5341,50.0
5342,60.0
5343,87.0
5344,80.0
5345,50.0
5346,40.0
5347,80.0
5348,75.0
5349,60.0
5350,75.0
5351,75.0
5352,70.0
5353,70.0
5354,70.0
5355,70.0
5356,70.0
5357,70.0
5358,80.0
5359,50.0
5360,60.0
5361,70.0
5362,60.0
5363,60.0
5364,40.0
5365,80.0
5366,67.0
5367,55.0
5368,60.0
5369,80.0
5370,60.0
5371,58.0
5372,60.0
5373,80.0
5374,50.0
5375,50.0
5376,70.0
5377,60.0
5378,60.0
5379,75.0
5380,100.0
5381,60.0
5382,40.0
5383,50.0
5384,50.0
5385,58.0
5386,50.0
5387,40.0
5388,75.0
5389,60.0
5390,70.0
5391,67.0
5392,62.0
5393,60.0
5394,40.0
5395,70.0
5396,70.0
5397,70.0
5398,60.0
5399,30.0
5400,75.0
5401,80.0
5402,83.0
5403,60.0
5404,50.0
5405,50.0
5406,50.0
5407,50.0
5408,55.0
5409,60.0
5410,70.0
5411,75.0
5412,75.0
5413,91.0
5414,40.0
5415,70.0
5416,40.0
5417,80.0
5418,75.0
5419,95.0
5420,50.0
5421,60.0
5422,60.0
5423,50.0
5424,60.0
5425,50.0
5426,50.0
5427,60.0
5428,40.0
5429,30.0
5430,70.0
5431,80.0
5432,91.0
5433,75.0
5434,80.0
5435,70.0
5436,50.0
5437,100.0
5438,80.0
5439,60.0
5440,60.0
5441,50.0
5442,20.0
5443,80.0
5444,60.0
5445,60.0
5446,30.0
5447,50.0
5448,50.0
5449,83.0
5450,63.0
5451,70.0
5452,60.0
5453,60.0
5454,50.0
5455,60.0
5456,70.0
5457,58.0
5458,50.0
5459,80.0
5460,70.0
5461,80.0
5462,40.0
5463,70.0
5464,70.0
5465,60.0
5466,60.0
5467,50.0
5468,67.0
5469,50.0
5470,60.0
5471,40.0
5472,30.0
5473,50.0
5474,60.0
5475,60.0
5476,60.0
5477,80.0
5478,50.0
5479,70.0
5480,60.0
5481,70.0
5482,70.0
5483,40.0
5484,60.0
5485,70.0
5486,80.0
5487,85.0
5488,50.0
5489,67.0
5490,80.0
5491,63.0
5492,30.0
5493,80.0
5494,60.0
5495,67.0
5496,50.0
5497,60.0
5498,60.0
5499,50.0
5500,80.0
5501,80.0
5502,83.0
5503,60.0
5504,80.0
5505,70.0
5506,85.0
5507,80.0
5508,50.0
5509,40.0
5510,67.0
5511,50.0
5512,40.0
5513,70.0
5514,80.0
5515,50.0
5516,67.0
5517,50.0
5518,67.0
5519,50.0
5520,70.0
5521,70.0
5522,42.0
5523,60.0
5524,40.0
5525,50.0
5526,50.0
5527,50.0
5528,83.0
5529,70.0
5530,70.0
5531,67.0
5532,60.0
5533,59.0
5534,60.0
5535,70.0
5536,80.0
5537,70.0
5538,75.0
5539,80.0
5540,50.0
5541,80.0
5542,60.0
5543,70.0
5544,60.0
5545,80.0
5546,67.0
5547,60.0
5548,80.0
5549,50.0
5550,70.0
5551,60.0
5552,70.0
5553,75.0
5554,60.0
5555,70.0
5556,70.0
5557,50.0
5558,80.0
5559,60.0
5560,80.0
5561,70.0
5562,80.0
5563,70.0
5564,60.0
5565,50.0
5566,60.0
5567,58.0
5568,75.0
5569,67.0
5570,80.0
5571,37.0
5572,70.0
5573,40.0
5574,50.0
5575,50.0
5576,50.0
5577,80.0
5578,80.0
5579,40.0
5580,80.0
5581,90.0
5582,90.0
5583,91.0
5584,60.0
5585,80.0
5586,70.0
5587,60.0
5588,67.0
5589,80.0
5590,50.0
5591,50.0
5592,60.0
5593,60.0
5594,50.0
5595,60.0
5596,60.0
5597,70.0
5598,50.0
5599,83.0
5600,30.0
5601,63.0
5602,90.0
5603,60.0
5604,58.0
5605,70.0
5606,40.0
5607,60.0
5608,70.0
5609,80.0
5610,83.0
5611,50.0
5612,60.0
5613,63.0
5614,65.0
5615,100.0
5616,60.0
5617,75.0
5618,50.0
5619,80.0
5620,75.0
5621,50.0
5622,50.0
5623,50.0
5624,50.0
5625,50.0
5626,60.0
5627,40.0
5628,40.0
5629,50.0
5630,80.0
5631,100.0
5632,65.0
5633,70.0
5634,80.0
5635,60.0
5636,40.0
5637,40.0
5638,50.0
5639,80.0
5640,75.0
5641,60.0
5642,70.0
5643,70.0
5644,70.0
5645,70.0
5646,68.0
5647,60.0
5648,60.0
5649,60.0
5650,80.0
5651,60.0
5652,60.0
5653,50.0
5654,35.0
5655,50.0
5656,70.0
5657,73.0
5658,75.0
5659,60.0
5660,60.0
5661,75.0
5662,40.0
5663,80.0
5664,70.0
5665,83.0
5666,40.0
5667,70.0
5668,70.0
5669,70.0
5670,80.0
5671,80.0
5672,60.0
5673,50.0
5674,60.0
5675,40.0
5676,60.0
5677,80.0
5678,50.0
5679,50.0
5680,60.0
5681,80.0
5682,60.0
5683,60.0
5684,83.0
5685,58.0
5686,50.0
5687,83.0
5688,70.0
5689,50.0
5690,67.0
5691,60.0
5692,50.0
5693,80.0
5694,50.0
5695,60.0
5696,75.0
5697,75.0
5698,60.0
5699,75.0
5700,70.0
5701,70.0
5702,50.0
5703,70.0
5704,63.0
5705,20.0
5706,75.0
5707,80.0
5708,67.0
5709,75.0
5710,50.0
5711,50.0
5712,91.0
5713,60.0
5714,50.0
5715,67.0
5716,63.0
5717,75.0
5718,70.0
5719,60.0
5720,60.0
5721,50.0
5722,83.0
5723,70.0
5724,60.0
5725,65.0
5726,92.0
5727,50.0
5728,60.0
5729,50.0
5730,70.0
5731,60.0
5732,70.0
5733,70.0
5735,70.0
5736,70.0
5737,58.0
5738,50.0
5739,50.0
5740,50.0
5741,60.0
5742,60.0
5743,80.0
5744,80.0
5745,80.0
5746,50.0
5747,50.0
5748,50.0
5749,50.0
5750,58.0
5751,60.0
5752,60.0
5753,83.0
5754,83.0
5755,50.0
5756,70.0
5757,75.0
5758,80.0
5759,70.0
5760,80.0
5761,30.0
5762,90.0
5763,70.0
5764,70.0
5765,60.0
5766,50.0
5767,83.0
5768,70.0
5769,67.0
5770,70.0
5771,40.0
5772,58.0
5773,40.0
5774,80.0
5775,80.0
5776,60.0
5777,70.0
5778,67.0
5779,75.0
5780,80.0
5781,75.0
5782,60.0
5783,50.0
5784,75.0
5785,50.0
5786,50.0
5787,70.0
5788,50.0
5789,67.0
5790,60.0
5791,63.0
5792,70.0
5793,20.0
5794,50.0
5795,60.0
5796,80.0
5797,100.0
5798,83.0
5799,85.0
5800,80.0
5801,50.0
5802,75.0
5803,83.0
5804,70.0
5805,40.0
5806,50.0
5807,50.0
5808,42.0
5809,70.0
5810,70.0
5811,70.0
5812,91.0
5813,70.0
5814,50.0
5815,50.0
5816,70.0
5817,70.0
5818,75.0
5819,67.0
5820,20.0
5821,70.0
5822,60.0
5823,70.0
5824,75.0
5825,70.0
5826,67.0
5827,50.0
5828,40.0
5829,50.0
5830,100.0
5831,40.0
5832,50.0
5833,50.0
5834,75.0
5835,70.0
5836,80.0
5837,80.0
5838,75.0
5839,80.0
5840,30.0
5841,40.0
5842,40.0
5843,60.0
5844,50.0
5845,60.0
5846,67.0
5847,75.0
5848,60.0
5849,50.0
5850,60.0
5851,50.0
5852,80.0
5853,60.0
5854,67.0
5855,40.0
5856,60.0
5857,80.0
5858,60.0
5859,60.0
5860,60.0
5861,70.0
5862,50.0
5863,50.0
5864,40.0
5865,91.0
5866,50.0
5867,60.0
5868,40.0
5869,80.0
5870,80.0
5871,63.0
5872,25.0
5873,40.0
5874,50.0
5875,70.0
5876,63.0
5877,80.0
5878,50.0
5879,60.0
5880,40.0
5881,40.0
5882,90.0
5883,60.0
5884,50.0
5885,70.0
5886,80.0
5887,70.0
5888,93.0
5889,50.0
5890,30.0
5891,80.0
5892,40.0
5893,50.0
5894,50.0
5895,42.0
5896,50.0
5897,60.0
5898,80.0
5899,80.0
5900,60.0
5901,60.0
5902,50.0
5903,90.0
5904,75.0
5905,30.0
5906,60.0
5907,60.0
5908,60.0
5909,63.0
5910,70.0
5911,70.0
5912,50.0
5913,85.0
5914,70.0
5915,50.0
5916,40.0
5917,60.0
5918,63.0
5919,70.0
5920,67.0
5921,70.0
5922,30.0
5923,70.0
5924,50.0
5925,60.0
5926,63.0
5927,50.0
5928,60.0
5929,60.0
5930,75.0
5931,40.0
5932,20.0
5933,70.0
5934,80.0
5935,70.0
5936,70.0
5937,83.0
5938,90.0
5939,40.0
5940,60.0
5941,60.0
5942,70.0
5943,80.0
5944,80.0
5945,75.0
5946,70.0
5947,70.0
5948,67.0
5949,30.0
5950,83.0
5951,75.0
5952,70.0
5953,70.0
5954,65.0
5955,75.0
5956,60.0
5957,50.0
5958,50.0
5959,40.0
5960,30.0
5961,85.0
5962,83.0
5963,63.0
5964,70.0
5965,50.0
5966,60.0
5967,58.0
5968,60.0
5969,90.0
5970,40.0
5971,40.0
5972,40.0
5973,63.0
5974,70.0
5975,40.0
5976,70.0
5977,80.0
5978,40.0
5979,75.0
5980,75.0
5981,70.0
5982,67.0
5983,58.0
5984,70.0
5985,58.0
5986,72.0
5987,40.0
5988,60.0
5989,50.0
5990,70.0
5991,70.0
5992,70.0
5993,63.0
5994,75.0
5995,40.0
5996,50.0
5997,70.0
5998,91.0
5999,80.0
6000,58.0
6001,50.0
6002,50.0
6003,70.0
6004,80.0
6005,70.0
6006,60.0
6007,50.0
6008,58.0
6009,63.0
6010,88.0
6011,10.0
6012,50.0
6013,75.0
6014,30.0
6015,30.0
6016,60.0
6017,60.0
6018,75.0
6019,30.0
6020,30.0
6021,80.0
6022,80.0
6023,30.0
6024,58.0
6025,40.0
6026,85.0
6027,60.0
6028,70.0
6029,50.0
6030,58.0
6031,60.0
6032,75.0
6033,30.0
6034,40.0
6035,81.0
6036,40.0
6037,40.0
6038,80.0
6039,75.0
6040,75.0
6041,60.0
6042,20.0
6043,50.0
6044,70.0
6045,80.0
6046,75.0
6047,80.0
6048,30.0
6049,68.0
6050,60.0
6051,80.0
6052,50.0
6053,80.0
6054,80.0
6055,70.0
6056,70.0
6057,70.0
6058,70.0
6059,60.0
6060,50.0
6061,67.0
6062,70.0
6063,75.0
6064,75.0
6065,75.0
6066,60.0
6067,40.0
6068,40.0
6069,50.0
6070,83.0
6071,80.0
6072,50.0
6073,70.0
6074,60.0
6075,70.0
6076,67.0
6077,60.0
6078,40.0
6079,50.0
6080,50.0
6081,50.0
6082,50.0
6083,50.0
6084,80.0
6085,75.0
6086,70.0
6087,70.0
6088,70.0
6089,60.0
6090,60.0
6091,50.0
6092,61.0
6093,60.0
6094,60.0
6095,50.0
6096,50.0
6097,60.0
6098,70.0
6099,67.0
6100,60.0
6101,60.0
6102,75.0
6103,50.0
6104,50.0
6105,42.0
6106,90.0
6107,80.0
6108,40.0
6109,40.0
6110,42.0
6111,40.0
6112,60.0
6113,0.0
6114,75.0
6115,80.0
6116,80.0
6117,75.0
6118,80.0
6119,63.0
6120,58.0
6121,50.0
6122,50.0
6123,80.0
6124,70.0
6125,65.0
6126,40.0
6127,58.0
6128,40.0
6129,40.0
6130,70.0
6131,40.0
6132,50.0
6133,60.0
6134,60.0
6135,80.0
6136,70.0
6137,50.0
6138,60.0
6139,50.0
6140,40.0
6141,40.0
6142,50.0
6143,58.0
6144,20.0
6145,58.0
6146,70.0
6147,40.0
6148,50.0
6149,60.0
6150,70.0
6151,80.0
6152,80.0
6153,63.0
6155,50.0
6156,50.0
6157,50.0
6158,75.0
6159,80.0
6160,70.0
6161,70.0
6162,60.0
6163,50.0
6164,40.0
6165,70.0
6166,75.0
6167,70.0
6168,50.0
6169,50.0
6170,42.0
6171,80.0
6172,75.0
6173,70.0
6174,60.0
6175,63.0
6176,37.0
6177,80.0
6178,70.0
6179,50.0
6180,25.0
6181,70.0
6182,60.0
6183,50.0
6184,50.0
6185,40.0
6186,40.0
6187,30.0
6188,50.0
6189,83.0
6190,25.0
6191,70.0
6192,75.0
6193,70.0
6194,80.0
6195,83.0
6196,75.0
6197,67.0
6198,50.0
6199,40.0
6200,80.0
6201,80.0
6202,50.0
6203,58.0
6204,50.0
6205,40.0
6206,80.0
6207,50.0
6208,30.0
6209,75.0
6210,60.0
6211,80.0
6212,40.0
6213,70.0
6214,75.0
6215,80.0
6216,80.0
6217,50.0
6218,50.0
6219,40.0
6220,90.0
6221,50.0
6222,60.0
6223,80.0
6224,70.0
6225,70.0
6226,50.0
6227,40.0
6228,75.0
6229,75.0
6230,50.0
6231,50.0
6232,80.0
6233,67.0
6234,63.0
6235,60.0
6236,95.0
6237,40.0
6238,60.0
6239,70.0
6240,70.0
6241,40.0
6242,60.0
6243,60.0
6244,60.0
6245,40.0
6246,60.0
6247,50.0
6248,58.0
6249,60.0
6250,75.0
6251,80.0
6252,30.0
6253,50.0
6254,50.0
6255,70.0
6256,70.0
6257,80.0
6258,50.0
6259,50.0
6260,60.0
6261,60.0
6262,70.0
6263,40.0
6264,80.0
6265,80.0
6266,60.0
6267,70.0
6268,80.0
6269,60.0
6270,58.0
6271,58.0
6272,58.0
6273,50.0
6274,50.0
6275,55.0
6276,50.0
6277,60.0
6278,50.0
6279,60.0
6280,70.0
6281,91.0
6282,80.0
6283,60.0
6284,42.0
6285,60.0
6286,80.0
6287,75.0
6288,70.0
6289,70.0
6290,100.0
6291,42.0
6292,50.0
6293,30.0
6294,60.0
6295,80.0
6296,100.0
6297,100.0
6298,83.0
6299,60.0
6300,70.0
6301,70.0
6302,70.0
6303,50.0
6304,42.0
6305,40.0
6306,40.0
6307,30.0
6308,40.0
6309,70.0
6310,58.0
6311,70.0
6312,60.0
6313,67.0
6314,30.0
6315,40.0
6316,63.0
6317,60.0
6318,50.0
6319,60.0
6320,50.0
6321,75.0
6322,50.0
6323,40.0
6324,40.0
6325,50.0
6326,90.0
6327,80.0
6328,60.0
6329,50.0
6330,40.0
6331,10.0
6332,50.0
6333,40.0
6334,50.0
6335,70.0
6336,90.0
6337,90.0
6338,83.0
6339,80.0
6340,50.0
6341,40.0
6342,50.0
6343,75.0
6344,70.0
6345,55.0
6346,67.0
6347,60.0
6348,60.0
6349,58.0
6350,50.0
6351,67.0
6352,70.0
6353,72.0
6354,80.0
6355,70.0
6356,63.0
6357,63.0
6358,60.0
6359,75.0
6360,70.0
6361,60.0
6362,50.0
6363,50.0
6364,30.0
6365,75.0
6366,50.0
6367,40.0
6368,67.0
6369,80.0
6370,50.0
6371,50.0
6372,83.0
6373,50.0
6374,80.0
6375,42.0
6376,90.0
6377,50.0
6378,70.0
6379,70.0
6380,60.0
6381,58.0
6382,80.0
6383,40.0
6384,100.0
6385,40.0
6386,75.0
6387,75.0
6388,70.0
6389,68.0
6390,50.0
6391,60.0
6392,75.0
6393,70.0
6394,30.0
6395,100.0
6396,70.0
6397,40.0
6398,40.0
6399,50.0
6400,60.0
6401,50.0
6402,75.0
6403,75.0
6404,70.0
6405,60.0
6406,50.0
6407,50.0
6408,67.0
6409,33.0
6410,40.0
6411,75.0
6412,70.0
6413,60.0
6414,50.0
6415,50.0
6416,70.0
6417,75.0
6418,60.0
6419,70.0
6420,80.0
6421,60.0
6422,80.0
6423,40.0
6424,40.0
6425,60.0
6426,75.0
6427,80.0
6428,75.0
6429,42.0
6430,40.0
6431,67.0
6432,75.0
6433,50.0
6434,50.0
6435,70.0
6436,70.0
6437,60.0
6438,40.0
6439,80.0
6440,90.0
6441,50.0
6442,40.0
6443,70.0
6444,58.0
6445,50.0
6446,70.0
6447,67.0
6448,40.0
6449,50.0
6450,58.0
6451,83.0
6452,60.0
6453,50.0
6454,50.0
6455,50.0
6456,30.0
6457,50.0
6458,50.0
6459,70.0
6460,60.0
6461,60.0
6462,50.0
6463,75.0
6464,75.0
6465,50.0
6466,63.0
6467,50.0
6468,42.0
6469,45.0
6470,40.0
6471,80.0
6472,60.0
6473,67.0
6474,50.0
6475,50.0
6476,30.0
6477,75.0
6478,70.0
6479,70.0
6480,67.0
6481,50.0
6482,60.0
6483,60.0
6484,60.0
6485,60.0
6486,80.0
6487,60.0
6488,50.0
6489,65.0
6490,70.0
6491,50.0
6492,60.0
6493,60.0
6494,60.0
6495,70.0
6496,55.0
6497,60.0
6498,67.0
6499,50.0
6500,25.0
6501,83.0
6502,60.0
6503,60.0
6504,40.0
6505,75.0
6506,40.0
6507,50.0
6508,50.0
6509,70.0
6510,70.0
6511,50.0
6512,50.0
6513,50.0
6514,70.0
6515,50.0
6516,40.0
6517,50.0
6518,10.0
6519,40.0
6520,50.0
6521,63.0
6522,58.0
6523,50.0
6524,80.0
6525,50.0
6526,80.0
6527,50.0
6528,60.0
6529,60.0
6530,90.0
6531,91.0
6532,63.0
6533,70.0
6534,50.0
6535,30.0
6536,50.0
6537,58.0
6538,67.0
6539,75.0
6540,80.0
6541,80.0
6542,80.0
6543,60.0
6544,60.0
6545,50.0
6546,50.0
6547,63.0
6548,50.0
6549,70.0
6550,70.0
6551,75.0
6552,30.0
6553,63.0
6554,67.0
6555,30.0
6556,50.0
6557,58.0
6558,50.0
6559,85.0
6560,83.0
6561,75.0
6562,70.0
6563,70.0
6564,83.0
6565,10.0
6566,40.0
6567,50.0
6568,80.0
6569,70.0
6570,50.0
6571,60.0
6572,70.0
6573,50.0
6574,70.0
6575,40.0
6576,40.0
6577,70.0
6578,70.0
6579,70.0
6580,75.0
6581,60.0
6582,50.0
6583,50.0
6584,70.0
6585,70.0
6586,75.0
6587,42.0
6588,50.0
6589,50.0
6590,50.0
6591,40.0
6592,42.0
6593,70.0
6594,80.0
6595,40.0
6596,30.0
6597,100.0
6598,70.0
6599,50.0
6600,60.0
6601,70.0
6602,30.0
6603,80.0
6604,40.0
6605,70.0
6606,60.0
6607,60.0
6608,30.0
6609,40.0
6610,50.0
6611,58.0
6612,91.0
6613,50.0
6614,75.0
6615,75.0
6616,30.0
6617,40.0
6618,50.0
6619,50.0
6620,75.0
6621,50.0
6622,60.0
6623,80.0
6624,70.0
6625,70.0
6626,50.0
6627,80.0
6628,38.0
6629,40.0
6630,100.0
6631,70.0
6632,70.0
6633,80.0
6634,60.0
6635,60.0
6636,60.0
6637,60.0
6638,50.0
6639,75.0
6640,60.0
6641,40.0
6642,40.0
6643,75.0
6644,80.0
6645,80.0
6646,67.0
6647,58.0
6648,50.0
6649,70.0
6650,70.0
6651,40.0
6652,40.0
6653,50.0
6654,50.0
6655,55.0
6656,60.0
6657,75.0
6658,60.0
6659,50.0
6660,80.0
6661,80.0
6662,50.0
6663,50.0
6664,50.0
6665,30.0
6666,75.0
6667,75.0
6668,50.0
6669,50.0
6670,0.0
6671,70.0
6672,50.0
6673,63.0
6674,50.0
6675,88.0
6676,50.0
6677,20.0
6678,80.0
6679,45.0
6680,60.0
6681,80.0
6682,70.0
6683,75.0
6684,70.0
6685,60.0
6686,40.0
6687,70.0
6688,30.0
6689,30.0
6690,83.0
6691,60.0
6692,75.0
6693,40.0
6694,60.0
6695,60.0
6696,63.0
6697,50.0
6698,80.0
6699,30.0
6700,40.0
6701,40.0
6702,50.0
6703,30.0
6704,50.0
6705,40.0
6706,50.0
6707,50.0
6708,60.0
6709,67.0
6710,80.0
6711,60.0
6712,60.0
6713,100.0
6714,42.0
6715,0.0
6716,90.0
6717,91.0
6718,70.0
6719,30.0
6720,60.0
6721,50.0
6722,67.0
6723,60.0
6724,91.0
6725,60.0
6726,50.0
6727,50.0
6728,80.0
6729,67.0
6730,50.0
6731,50.0
6732,70.0
6733,60.0
6734,30.0
6735,70.0
6736,60.0
6737,63.0
6738,70.0
6739,75.0
6740,60.0
6741,30.0
6742,40.0
6743,40.0
6744,50.0
6745,50.0
6746,50.0
6747,70.0
6748,91.0
6749,40.0
6750,40.0
6751,50.0
6752,40.0
6753,40.0
6754,70.0
6755,75.0
6756,40.0
6757,50.0
6758,80.0
6759,80.0
6760,75.0
6761,70.0
6762,50.0
6763,80.0
6764,80.0
6765,30.0
6766,50.0
6767,70.0
6768,33.0
6769,33.0
6770,37.0
6771,50.0
6772,50.0
6773,75.0
6774,33.0
6775,40.0
6776,70.0
6777,42.0
6778,40.0
6779,70.0
6780,50.0
6781,50.0
6782,75.0
6783,75.0
6784,50.0
6785,40.0
6786,70.0
6787,60.0
6788,25.0
6789,80.0
6790,40.0
6791,50.0
6792,70.0
6793,60.0
6794,91.0
6795,80.0
6796,75.0
6797,70.0
6798,60.0
6799,40.0
6800,50.0
6801,50.0
6802,70.0
6803,60.0
6804,67.0
6805,50.0
6806,80.0
6807,40.0
6808,30.0
6809,75.0
6810,67.0
6811,50.0
6812,63.0
6813,50.0
6814,67.0
6815,80.0
6816,70.0
6817,50.0
6818,63.0
6819,70.0
6820,80.0
6821,75.0
6822,60.0
6823,40.0
6824,40.0
6825,60.0
6826,50.0
6827,40.0
6828,50.0
6829,40.0
6830,80.0
6831,70.0
6832,40.0
6833,50.0
6834,80.0
6835,50.0
6836,40.0
6837,55.0
6838,70.0
6839,70.0
6840,40.0
6841,60.0
6842,70.0
6843,10.0
6844,50.0
6845,60.0
6846,80.0
6847,40.0
6848,80.0
6850,50.0
6851,50.0
6852,60.0
6853,70.0
6854,40.0
6855,70.0
6856,70.0
6857,70.0
6858,70.0
6859,60.0
6860,70.0
6861,50.0
6862,50.0
6863,75.0
6864,60.0
6865,58.0
6866,50.0
6867,50.0
6868,50.0
6869,80.0
6870,80.0
6871,20.0
6872,50.0
6873,75.0
6874,40.0
6875,25.0
6876,25.0
6877,70.0
6878,40.0
6879,50.0
6880,65.0
6881,30.0
6882,50.0
6883,80.0
6884,70.0
6885,67.0
6886,60.0
6887,79.0
6888,60.0
6889,50.0
6890,30.0
6891,75.0
6892,50.0
6893,75.0
6894,70.0
6895,70.0
6896,67.0
6897,85.0
6898,70.0
6899,61.0
6900,55.0
6901,10.0
6902,40.0
6903,85.0
6904,75.0
6905,50.0
6906,60.0
6907,70.0
6908,70.0
6909,40.0
6910,60.0
6911,67.0
6912,70.0
6913,75.0
6914,75.0
6915,60.0
6916,40.0
6917,40.0
6918,83.0
6919,40.0
6920,60.0
6921,50.0
6922,30.0
6923,30.0
6924,75.0
6925,30.0
6926,80.0
6927,60.0
6928,50.0
6929,70.0
6930,50.0
6931,50.0
6932,50.0
6933,60.0
6934,40.0
6935,30.0
6936,40.0
6937,70.0
6938,75.0
6939,60.0
6940,50.0
6941,40.0
6942,80.0
6943,70.0
6944,60.0
6945,50.0
6946,50.0
6947,40.0
6948,40.0
6949,50.0
6950,38.0
6951,37.0
6952,58.0
6953,70.0
6954,67.0
6955,60.0
6956,50.0
6957,60.0
6958,50.0
6959,70.0
6960,50.0
6961,70.0
6962,40.0
6963,50.0
6964,50.0
6965,67.0
6966,50.0
6967,50.0
6968,70.0
6969,80.0
6970,37.0
6971,50.0
6972,70.0
6973,70.0
6974,40.0
6975,40.0
6976,58.0
6977,50.0
6978,50.0
6979,50.0
6980,70.0
6981,70.0
6982,67.0
6983,67.0
6984,70.0
6985,67.0
6986,40.0
6987,50.0
6988,60.0
6989,60.0
6990,83.0
6991,50.0
6992,50.0
6993,75.0
6994,60.0
6995,30.0
6996,80.0
6997,80.0
6998,75.0
6999,50.0
7000,50.0
7001,40.0
7002,70.0
7003,75.0
7004,50.0
7005,80.0
7006,40.0
7007,0.0
7008,75.0
7009,40.0
7010,83.0
7011,50.0
7012,90.0
7013,70.0
7014,70.0
7015,75.0
7016,30.0
7017,30.0
7018,60.0
7019,60.0
7020,65.0
7021,40.0
7022,67.0
7023,70.0
7024,58.0
7025,40.0
7026,50.0
7027,50.0
7028,60.0
7029,70.0
7030,70.0
7031,50.0
7032,50.0
7033,30.0
7034,60.0
7035,50.0
7036,88.0
7037,60.0
7038,40.0
7039,40.0
7040,50.0
7041,50.0
7042,60.0
7043,70.0
7044,40.0
7045,80.0
7046,70.0
7047,60.0
7048,80.0
7049,70.0
7050,58.0
7051,30.0
7052,80.0
7053,80.0
7054,75.0
7055,60.0
7056,60.0
7057,60.0
7058,40.0
7059,40.0
7060,40.0
7061,40.0
7062,30.0
7063,50.0
7064,55.0
7065,42.0
7066,58.0
7067,50.0
7068,58.0
7069,75.0
7070,67.0
7071,70.0
7072,60.0
7073,70.0
7074,50.0
7075,50.0
7076,55.0
7077,60.0
7078,67.0
7079,80.0
7080,75.0
7081,40.0
7082,40.0
7083,70.0
7084,40.0
7085,50.0
7086,50.0
7087,70.0
7088,60.0
7089,80.0
7090,70.0
7091,50.0
7092,50.0
7093,60.0
7094,50.0
7095,80.0
7096,80.0
7097,40.0
7098,60.0
7099,63.0
7100,75.0
7101,50.0
7102,50.0
7103,70.0
7104,50.0
7105,60.0
7106,50.0
7107,42.0
7108,91.0
7109,40.0
7110,40.0
7111,40.0
7112,50.0
7113,83.0
7114,50.0
7115,70.0
7116,80.0
7117,70.0
7118,60.0
7119,30.0
7120,60.0
7121,63.0
7122,70.0
7123,70.0
7124,80.0
7125,50.0
7127,63.0
7128,67.0
7129,60.0
7130,50.0
7131,40.0
7132,40.0
7133,60.0
7134,70.0
7135,80.0
7136,60.0
7137,40.0
7138,40.0
7139,40.0
7140,30.0
7141,50.0
7142,50.0
7143,75.0
7144,75.0
7145,70.0
7146,30.0
7147,75.0
7148,50.0
7149,40.0
7150,40.0
7151,67.0
7152,70.0
7153,60.0
7154,63.0
7155,50.0
7156,60.0
7157,50.0
7158,50.0
7159,80.0
7160,50.0
7161,80.0
7162,50.0
7163,50.0
7164,67.0
7165,67.0
7166,70.0
7167,75.0
7168,76.0
7169,40.0
7170,40.0
7171,30.0
7172,20.0
7173,83.0
7174,50.0
7175,40.0
7176,60.0
7177,70.0
7178,50.0
7179,50.0
7180,60.0
7181,50.0
7182,50.0
7183,40.0
7184,70.0
7185,70.0
7186,80.0
7187,60.0
7188,50.0
7189,0.0
7190,30.0
7191,50.0
7192,60.0
7193,70.0
7194,33.0
7195,60.0
7196,75.0
7197,60.0
7198,80.0
7199,60.0
7200,60.0
7201,88.0
7202,88.0
7203,30.0
7204,30.0
7205,42.0
7206,50.0
7207,80.0
7208,70.0
7209,70.0
7210,65.0
7211,60.0
7212,70.0
7213,40.0
7214,50.0
7215,60.0
7216,80.0
7217,50.0
7218,70.0
7219,70.0
7220,40.0
7221,80.0
7222,60.0
7223,60.0
7224,60.0
7225,50.0
7226,70.0
7227,70.0
7228,75.0
7229,30.0
7230,60.0
7231,70.0
7232,25.0
7233,50.0
7234,67.0
7235,70.0
7236,60.0
7237,50.0
7238,50.0
7239,80.0
7240,40.0
7241,70.0
7242,30.0
7243,60.0
7244,40.0
7245,80.0
7246,50.0
7247,50.0
7248,30.0
7249,60.0
7250,33.0
7251,50.0
7252,75.0
7253,50.0
7254,70.0
7255,50.0
7256,70.0
7257,40.0
7258,80.0
7259,30.0
7260,40.0
7261,70.0
7262,50.0
7263,50.0
7264,38.0
7265,60.0
7266,60.0
7267,63.0
7268,63.0
7269,63.0
7270,50.0
7271,50.0
7272,70.0
7273,75.0
7274,40.0
7275,50.0
7276,50.0
7277,50.0
7278,70.0
7279,63.0
7280,50.0
7281,70.0
7282,40.0
7283,40.0
7284,70.0
7285,40.0
7286,20.0
7287,70.0
7288,70.0
7289,70.0
7290,70.0
7291,70.0
7292,20.0
7293,50.0
7294,50.0
7295,50.0
7296,67.0
7297,50.0
7298,67.0
7299,70.0
7300,60.0
7301,60.0
7302,30.0
7303,20.0
7304,70.0
7305,50.0
7306,50.0
7307,63.0
7308,50.0
7309,63.0
7310,40.0
7311,37.0
7312,91.0
7313,50.0
7314,60.0
7315,58.0
7316,60.0
7317,60.0
7318,60.0
7319,40.0
7320,40.0
7321,40.0
7322,40.0
7323,50.0
7324,40.0
7325,91.0
7326,75.0
7327,20.0
7328,70.0
7329,70.0
7330,40.0
7331,50.0
7332,50.0
7333,60.0
7334,60.0
7335,50.0
7336,75.0
7337,75.0
7338,70.0
7339,50.0
7340,40.0
7341,45.0
7342,60.0
7343,80.0
7344,67.0
7345,68.0
7346,58.0
7347,75.0
7348,40.0
7349,40.0
7350,50.0
7351,50.0
7352,50.0
7353,30.0
7354,80.0
7355,40.0
7356,50.0
7357,40.0
7358,30.0
7359,80.0
7360,40.0
7361,58.0
7362,25.0
7363,50.0
7364,70.0
7365,50.0
7366,60.0
7367,40.0
7368,60.0
7369,50.0
7370,52.0
7371,40.0
7372,50.0
7373,80.0
7374,70.0
7375,40.0
7376,58.0
7377,87.0
7378,30.0
7379,100.0
7380,50.0
7381,60.0
7382,60.0
7383,75.0
7384,50.0
7385,50.0
7386,70.0
7387,60.0
7388,50.0
7389,60.0
7390,80.0
7391,75.0
7392,50.0
7393,70.0
7394,70.0
7395,40.0
7396,40.0
7397,37.0
7398,40.0
7399,50.0
7400,50.0
7401,50.0
7402,60.0
7403,60.0
7404,70.0
7405,75.0
7406,80.0
7407,63.0
7408,50.0
7409,50.0
7410,60.0
7411,60.0
7412,55.0
7413,60.0
7414,75.0
7415,80.0
7416,50.0
7417,50.0
7418,40.0
7419,30.0
7420,30.0
7421,40.0
7422,50.0
7423,80.0
7424,63.0
7425,80.0
7426,50.0
7427,75.0
7428,40.0
7429,40.0
7430,80.0
7431,60.0
7432,40.0
7433,50.0
7434,37.0
7435,50.0
7436,50.0
7437,30.0
7438,40.0
7439,30.0
7440,60.0
7441,80.0
7442,80.0
7443,30.0
7444,58.0
7445,80.0
7446,85.0
7447,80.0
7448,40.0
7449,60.0
7450,70.0
7451,70.0
7452,40.0
7453,50.0
7454,80.0
7455,30.0
7456,40.0
7457,50.0
7458,50.0
7459,60.0
7460,75.0
7461,75.0
7462,80.0
7463,60.0
7464,50.0
7465,40.0
7466,80.0
7467,80.0
7468,40.0
7469,75.0
7470,50.0
7471,40.0
7472,42.0
7473,30.0
7474,70.0
7475,80.0
7476,40.0
7477,70.0
7478,50.0
7479,75.0
7480,80.0
7481,63.0
7482,70.0
7483,50.0
7484,60.0
7485,40.0
7486,70.0
7487,91.0
7488,40.0
7489,60.0
7490,50.0
7491,50.0
7492,70.0
7493,40.0
7494,30.0
7495,42.0
7496,40.0
7497,50.0
7498,63.0
7499,50.0
7500,70.0
7501,75.0
7502,25.0
7503,83.0
7504,80.0
7505,50.0
7506,70.0
7507,60.0
7508,60.0
7509,40.0
7510,40.0
7511,30.0
7512,50.0
7513,70.0
7514,60.0
7515,30.0
7516,50.0
7517,33.0
7518,60.0
7519,80.0
7520,12.0
7521,70.0
7522,40.0
7523,40.0
7524,75.0
7525,58.0
7526,40.0
7527,67.0
7528,60.0
7529,30.0
7530,50.0
7531,75.0
7532,50.0
7533,70.0
7534,70.0
7535,70.0
7536,68.0
7537,94.0
7538,67.0
7539,30.0
7540,50.0
7541,50.0
7542,50.0
7543,25.0
7544,50.0
7545,40.0
7546,40.0
7547,40.0
7548,30.0
7549,40.0
7550,60.0
7551,83.0
7552,80.0
7553,80.0
7554,63.0
7555,60.0
7556,30.0
7557,63.0
7558,20.0
7559,58.0
7560,60.0
7561,80.0
7562,80.0
7563,40.0
7564,30.0
7565,70.0
7566,60.0
7567,50.0
7568,50.0
7569,42.0
7570,40.0
7571,50.0
7572,50.0
7573,60.0
7574,50.0
7575,40.0
7576,70.0
7577,50.0
7578,40.0
7579,70.0
7580,80.0
7581,25.0
7582,25.0
7583,40.0
7584,58.0
7585,83.0
7586,58.0
7587,50.0
7588,60.0
7589,63.0
7590,70.0
7591,75.0
7592,80.0
7593,60.0
7594,40.0
7595,58.0
7596,40.0
7597,40.0
7598,50.0
7599,55.0
7600,50.0
7601,45.0
7602,70.0
7603,42.0
7604,30.0
7605,30.0
7606,25.0
7607,40.0
7608,30.0
7609,38.0
7610,40.0
7611,80.0
7612,75.0
7613,50.0
7614,58.0
7615,59.0
7616,50.0
7617,60.0
7618,40.0
7619,60.0
7620,50.0
7621,42.0
7622,60.0
7623,50.0
7624,75.0
7625,70.0
7626,70.0
7627,42.0
7628,40.0
7629,40.0
7630,40.0
7631,30.0
7632,70.0
7633,40.0
7634,50.0
7635,30.0
7636,40.0
7637,40.0
7638,20.0
7639,60.0
7640,80.0
7641,50.0
7642,63.0
7643,30.0
7644,75.0
7645,75.0
7646,40.0
7647,70.0
7648,60.0
7649,70.0
7650,63.0
7651,40.0
7652,50.0
7653,50.0
7654,45.0
7655,83.0
7656,67.0
7657,58.0
7658,75.0
7659,50.0
7660,80.0
7661,40.0
7662,50.0
7663,67.0
7664,50.0
7665,30.0
7666,35.0
7667,50.0
7668,80.0
7669,70.0
7670,50.0
7671,70.0
7672,40.0
7673,70.0
7674,40.0
7675,40.0
7676,80.0
7677,70.0
7678,50.0
7679,60.0
7680,75.0
7681,60.0
7682,40.0
7683,75.0
7684,50.0
7685,50.0
7686,40.0
7687,80.0
7688,30.0
7689,70.0
7690,60.0
7691,30.0
7692,30.0
7693,30.0
7694,50.0
7695,50.0
7696,58.0
7697,60.0
7698,70.0
7699,20.0
7700,80.0
7701,50.0
7702,40.0
7703,40.0
7704,60.0
7705,60.0
7706,60.0
7707,91.0
7708,30.0
7709,40.0
7710,40.0
7711,50.0
7712,50.0
7713,40.0
7714,50.0
7715,30.0
7716,50.0
7717,70.0
7718,75.0
7719,50.0
7720,70.0
7721,80.0
7722,70.0
7723,40.0
7724,67.0
7725,70.0
7726,50.0
7727,50.0
7728,45.0
7729,70.0
7730,40.0
7731,40.0
7732,80.0
7733,58.0
7734,50.0
7735,40.0
7736,40.0
7737,50.0
7738,50.0
7739,70.0
7740,80.0
7741,50.0
7742,20.0
7743,60.0
7744,60.0
7745,20.0
7746,60.0
7747,30.0
7748,50.0
7749,70.0
7750,50.0
7751,50.0
7752,75.0
7753,67.0
7754,50.0
7755,50.0
7756,75.0
7757,70.0
7758,60.0
7759,50.0
7760,50.0
7761,50.0
7762,50.0
7763,40.0
7764,40.0
7765,30.0
7766,30.0
7767,50.0
7768,70.0
7769,50.0
7770,40.0
7771,50.0
7772,68.0
7773,50.0
7774,40.0
7775,20.0
7776,38.0
7777,20.0
7778,70.0
7779,40.0
7780,37.0
7781,40.0
7782,50.0
7783,70.0
7784,50.0
7785,70.0
7786,80.0
7787,70.0
7789,50.0
7790,30.0
7791,70.0
7793,30.0
7794,40.0
7795,40.0
7796,50.0
7797,25.0
7798,60.0
7799,30.0
7800,40.0
7801,60.0
7802,42.0
7803,42.0
7804,50.0
7805,37.0
7806,30.0
7807,70.0
7808,50.0
7809,58.0
7810,40.0
7811,33.0
7812,40.0
7813,65.0
7814,40.0
7815,63.0
7816,65.0
7817,50.0
7818,60.0
7819,50.0
7820,42.0
7821,75.0
7822,70.0
7823,60.0
7824,60.0
7825,40.0
7826,75.0
7827,80.0
7828,75.0
7829,50.0
7830,40.0
7831,40.0
7832,33.0
7833,30.0
7834,50.0
7835,70.0
7836,67.0
7837,30.0
7838,40.0
7839,80.0
7840,30.0
7841,30.0
7842,10.0
7843,50.0
7844,42.0
7845,40.0
7846,50.0
7847,70.0
7848,40.0
7849,70.0
7850,40.0
7851,40.0
7852,33.0
7853,40.0
7854,91.0
7855,50.0
7856,40.0
7857,40.0
7858,50.0
7859,70.0
7860,30.0
7861,30.0
7862,63.0
7863,80.0
7864,30.0
7865,30.0
7866,42.0
7867,50.0
7868,50.0
7869,40.0
7870,30.0
7871,40.0
7872,40.0
7873,20.0
7874,70.0
7875,50.0
7876,40.0
7877,50.0
7878,40.0
7879,40.0
7880,75.0
7881,60.0
7882,60.0
7883,30.0
7884,60.0
7885,70.0
7886,60.0
7887,63.0
7888,60.0
7889,60.0
7890,60.0
7891,30.0
7892,40.0
7893,50.0
7894,58.0
7895,30.0
7896,30.0
7897,60.0
7898,70.0
7899,60.0
7900,50.0
7901,50.0
7902,60.0
7903,63.0
7904,70.0
7905,40.0
7906,83.0
7907,40.0
7908,30.0
7909,60.0
7910,60.0
7911,50.0
7912,50.0
7913,40.0
7914,40.0
7915,40.0
7916,50.0
7917,50.0
7918,40.0
7919,40.0
7920,70.0
7921,40.0
7922,50.0
7923,25.0
7924,70.0
7925,60.0
7926,50.0
7927,50.0
7928,40.0
7929,40.0
7930,60.0
7931,50.0
7932,30.0
7933,75.0
7934,75.0
7935,60.0
7936,30.0
7937,60.0
7938,70.0
7939,30.0
7940,60.0
7941,50.0
7942,70.0
7943,67.0
7944,40.0
7945,60.0
7946,50.0
7947,50.0
7948,30.0
7949,40.0
7950,40.0
7951,40.0
7952,50.0
7953,50.0
7954,40.0
7955,20.0
7956,50.0
7957,30.0
7958,30.0
7959,40.0
7960,63.0
7961,63.0
7962,60.0
7963,40.0
7964,40.0
7965,50.0
7966,83.0
7967,50.0
7968,70.0
7969,60.0
7970,70.0
7971,50.0
7972,60.0
7973,30.0
7974,40.0
7975,70.0
7976,60.0
7977,50.0
7978,33.0
7979,20.0
7980,90.0
7981,42.0
7982,30.0
7983,60.0
7984,60.0
7985,60.0
7986,75.0
7987,40.0
7988,50.0
7989,58.0
7990,80.0
7991,50.0
7992,40.0
7993,70.0
7994,60.0
7995,75.0
7996,60.0
7997,38.0
7998,83.0
7999,75.0
8000,30.0
8001,40.0
8002,40.0
8003,60.0
8004,64.0
8005,70.0
8006,80.0
8007,58.0
8008,42.0
8009,83.0
8010,40.0
8011,30.0
8012,40.0
8013,0.0
8014,30.0
8015,50.0
8016,33.0
8017,40.0
8018,40.0
8019,40.0
8020,40.0
8021,37.0
8022,20.0
8023,50.0
8024,50.0
8025,40.0
8026,70.0
8027,60.0
8028,10.0
8029,60.0
8030,40.0
8031,40.0
8032,60.0
8033,30.0
8034,30.0
8035,58.0
8036,50.0
8037,50.0
8038,80.0
8039,100.0
8040,40.0
8041,50.0
8042,25.0
8043,60.0
8044,40.0
8045,40.0
8046,50.0
8047,10.0
8048,30.0
8049,60.0
8050,40.0
8051,80.0
8052,40.0
8053,30.0
8054,30.0
8055,40.0
8056,80.0
8057,50.0
8058,58.0
8059,50.0
8060,67.0
8061,60.0
8062,40.0
8063,40.0
8064,40.0
8065,80.0
8066,35.0
8067,75.0
8068,80.0
8069,67.0
8070,30.0
8071,20.0
8072,25.0
8073,60.0
8074,60.0
8075,50.0
8076,40.0
8077,30.0
8078,50.0
8079,50.0
8080,60.0
8081,50.0
8082,30.0
8083,80.0
8084,67.0
8085,65.0
8086,60.0
8087,40.0
8088,50.0
8089,30.0
8090,58.0
8091,30.0
8092,63.0
8093,50.0
8094,70.0
8095,40.0
8096,58.0
8097,50.0
8098,40.0
8099,25.0
8100,80.0
8101,60.0
8102,58.0
8103,50.0
8104,20.0
8105,75.0
8106,50.0
8107,40.0
8108,30.0
8109,40.0
8110,50.0
8111,75.0
8112,42.0
8113,100.0
8114,33.0
8115,30.0
8116,30.0
8117,50.0
8118,30.0
8119,30.0
8120,50.0
8121,70.0
8122,45.0
8123,42.0
8124,40.0
8125,0.0
8126,60.0
8127,90.0
8128,83.0
8129,75.0
8130,75.0
8131,70.0
8132,60.0
8133,60.0
8134,58.0
8135,40.0
8136,40.0
8137,40.0
8138,30.0
8139,30.0
8140,30.0
8141,50.0
8142,50.0
8143,60.0
8144,50.0
8145,50.0
8146,80.0
8147,30.0
8148,20.0
8149,50.0
8150,60.0
8151,75.0
8152,40.0
8153,40.0
8154,80.0
8155,10.0
8156,40.0
8157,40.0
8158,40.0
8159,30.0
8160,75.0
8161,40.0
8162,50.0
8163,40.0
8164,75.0
8165,75.0
8166,60.0
8167,60.0
8168,50.0
8169,40.0
8170,60.0
8171,40.0
8172,70.0
8173,40.0
8174,67.0
8175,30.0
8176,50.0
8177,30.0
8178,50.0
8179,30.0
8180,30.0
8181,40.0
8182,70.0
8183,30.0
8184,60.0
8186,50.0
8187,30.0
8188,50.0
8189,60.0
8190,40.0
8191,67.0
8192,40.0
8193,40.0
8194,40.0
8195,40.0
8196,50.0
8197,58.0
8198,30.0
8199,70.0
8200,80.0
8201,30.0
8202,80.0
8203,80.0
8204,30.0
8205,70.0
8206,70.0
8207,60.0
8208,60.0
8209,40.0
8210,50.0
8211,50.0
8212,50.0
8213,70.0
8214,70.0
8215,63.0
8216,40.0
8217,50.0
8218,50.0
8219,50.0
8220,30.0
8221,50.0
8222,40.0
8223,40.0
8224,37.0
8225,40.0
8226,50.0
8227,40.0
8228,40.0
8229,80.0
8230,50.0
8231,40.0
8232,20.0
8233,70.0
8234,67.0
8235,30.0
8236,60.0
8237,40.0
8238,60.0
8239,75.0
8240,30.0
8241,70.0
8242,25.0
8243,33.0
8244,40.0
8245,50.0
8246,30.0
8247,40.0
8248,60.0
8249,50.0
8250,50.0
8251,75.0
8252,58.0
8253,50.0
8254,30.0
8255,30.0
8256,25.0
8257,25.0
8258,70.0
8259,30.0
8261,30.0
8262,30.0
8263,67.0
8264,50.0
8265,60.0
8266,90.0
8267,40.0
8268,76.0
8269,70.0
8270,75.0
8271,25.0
8272,40.0
8273,30.0
8274,30.0
8275,50.0
8276,40.0
8277,40.0
8278,40.0
8279,60.0
8280,20.0
8281,30.0
8282,30.0
8283,80.0
8284,63.0
8285,80.0
8286,30.0
8287,30.0
8288,40.0
8289,50.0
8290,60.0
8291,50.0
8292,30.0
8293,58.0
8294,67.0
8295,63.0
8296,67.0
8297,50.0
8298,50.0
8299,58.0
8300,90.0
8301,40.0
8302,40.0
8303,40.0
8304,30.0
8305,40.0
8306,40.0
8307,25.0
8308,40.0
8309,50.0
8310,40.0
8311,20.0
8312,58.0
8313,58.0
8314,60.0
8315,40.0
8316,67.0
8317,40.0
8318,40.0
8319,50.0
8320,40.0
8321,30.0
8322,40.0
8323,60.0
8324,40.0
8325,40.0
8326,40.0
8327,70.0
8328,50.0
8329,58.0
8330,40.0
8331,40.0
8332,70.0
8333,60.0
8334,58.0
8335,30.0
8336,40.0
8337,40.0
8338,63.0
8339,50.0
8340,80.0
8341,60.0
8342,10.0
8343,58.0
8344,40.0
8345,50.0
8346,40.0
8347,30.0
8348,50.0
8349,50.0
8350,50.0
8351,20.0
8352,20.0
8353,50.0
8354,30.0
8355,80.0
8356,50.0
8357,50.0
8358,50.0
8359,30.0
8360,70.0
8361,40.0
8362,30.0
8363,58.0
8364,40.0
8365,58.0
8366,40.0
8367,40.0
8368,30.0
8369,10.0
8370,80.0
8371,80.0
8372,40.0
8373,50.0
8374,50.0
8375,70.0
8376,30.0
8377,60.0
8378,80.0
8379,50.0
8380,70.0
8381,25.0
8382,30.0
8383,40.0
8384,37.0
8385,40.0
8386,20.0
8387,40.0
8388,40.0
8389,60.0
8390,50.0
8391,50.0
8392,60.0
8393,50.0
8394,50.0
8395,40.0
8396,30.0
8397,50.0
8398,50.0
8399,60.0
8400,70.0
8401,75.0
8402,63.0
8403,80.0
8404,40.0
8405,25.0
8406,25.0
8407,50.0
8408,50.0
8409,30.0
8410,30.0
8411,50.0
8412,42.0
8413,50.0
8414,60.0
8415,25.0
8416,30.0
8417,40.0
8418,50.0
8419,67.0
8420,90.0
8421,60.0
8422,40.0
8423,10.0
8424,20.0
8425,30.0
8426,30.0
8427,40.0
8428,50.0
8429,75.0
8430,40.0
8431,50.0
8432,42.0
8433,40.0
8434,40.0
8435,50.0
8436,50.0
8437,40.0
8438,50.0
8439,40.0
8440,40.0
8441,67.0
8442,30.0
8443,30.0
8444,60.0
8445,50.0
8446,50.0
8447,42.0
8448,25.0
8449,30.0
8450,40.0
8451,50.0
8452,40.0
8453,60.0
8454,60.0
8455,40.0
8456,25.0
8457,40.0
8458,70.0
8459,30.0
8460,67.0
8461,30.0
8462,50.0
8463,80.0
8464,50.0
8465,10.0
8466,50.0
8467,50.0
8468,0.0
8469,40.0
8470,50.0
8471,42.0
8472,50.0
8473,60.0
8474,40.0
8475,40.0
8476,40.0
8477,75.0
8478,40.0
8479,40.0
8480,40.0
8481,75.0
8482,50.0
8483,40.0
8484,40.0
8485,50.0
8486,70.0
8487,63.0
8488,80.0
8489,50.0
8490,42.0
8491,60.0
8492,40.0
8493,50.0
8494,25.0
8495,25.0
8496,30.0
8497,20.0
8498,40.0
8499,20.0
8500,40.0
8501,40.0
8502,20.0
8503,70.0
8504,40.0
8505,40.0
8506,50.0
8507,60.0
8508,20.0
8509,10.0
8510,60.0
8511,40.0
8512,50.0
8513,20.0
8514,58.0
8515,50.0
8516,30.0
8517,40.0
8518,40.0
8519,70.0
8520,0.0
8521,30.0
8522,70.0
8523,50.0
8524,50.0
8525,0.0
8526,10.0
8527,83.0
8528,50.0
8529,50.0
8530,50.0
8531,50.0
8532,42.0
8533,75.0
8534,50.0
8535,50.0
8536,60.0
8537,70.0
8538,30.0
8539,30.0
8540,30.0
8541,10.0
8542,38.0
8543,42.0
8544,70.0
8545,50.0
8546,20.0
8547,25.0
8548,40.0
8549,60.0
8550,50.0
8551,25.0
8552,50.0
8553,40.0
8554,83.0
8555,70.0
8556,30.0
8557,30.0
8558,40.0
8559,40.0
8560,50.0
8561,40.0
8562,40.0
8563,40.0
8564,60.0
8565,50.0
8566,30.0
8567,30.0
8568,50.0
8569,50.0
8570,40.0
8571,33.0
8572,30.0
8573,40.0
8574,50.0
8575,50.0
8576,50.0
8577,30.0
8578,42.0
8579,42.0
8580,50.0
8581,70.0
8582,40.0
8583,40.0
8584,50.0
8585,60.0
8586,40.0
8587,30.0
8588,30.0
8589,40.0
8590,10.0
8591,60.0
8592,75.0
8593,50.0
8594,60.0
8595,30.0
8596,40.0
8597,30.0
8598,70.0
8599,80.0
8600,25.0
8601,25.0
8602,20.0
8603,25.0
8604,60.0
8605,50.0
8606,70.0
8607,10.0
8608,20.0
8609,30.0
8610,30.0
8611,16.0
8612,25.0
8613,40.0
8614,50.0
8615,30.0
8616,30.0
8617,30.0
8618,60.0
8619,70.0
8620,60.0
8621,50.0
8622,30.0
8623,58.0
8624,70.0
8625,20.0
8626,10.0
8627,25.0
8628,60.0
8629,40.0
8630,30.0
8631,30.0
8632,40.0
8633,40.0
8634,30.0
8635,50.0
8636,60.0
8637,40.0
8638,25.0
8639,67.0
8640,25.0
8641,50.0
8642,50.0
8643,40.0
8644,30.0
8645,40.0
8646,30.0
8647,30.0
8648,33.0
8649,38.0
8650,40.0
8651,40.0
8652,33.0
8653,30.0
8654,40.0
8655,50.0
8656,40.0
8657,40.0
8658,30.0
8659,30.0
8660,60.0
8661,60.0
8662,42.0
8663,40.0
8664,40.0
8665,30.0
8666,25.0
8667,45.0
8668,50.0
8669,20.0
8670,40.0
8671,40.0
8672,40.0
8673,33.0
8674,10.0
8675,20.0
8676,55.0
8677,50.0
8678,75.0
8679,25.0
8680,30.0
8681,20.0
8682,30.0
8683,60.0
8684,50.0
8685,30.0
8686,40.0
8687,0.0
8688,50.0
8689,20.0
8690,25.0
8691,5.0
8692,30.0
8693,50.0
8694,58.0
8695,40.0
8696,40.0
8697,50.0
8698,40.0
8699,10.0
8700,50.0
8701,30.0
8702,37.0
8703,60.0
8704,40.0
8705,40.0
8706,0.0
8707,50.0
8708,50.0
8709,33.0
8710,30.0
8711,20.0
8712,10.0
8713,0.0
8714,60.0
8715,40.0
8716,50.0
8717,30.0
8718,25.0
8719,30.0
8720,30.0
8721,40.0
8722,75.0
8723,67.0
8724,30.0
8725,30.0
8726,40.0
8727,40.0
8728,25.0
8729,30.0
8730,20.0
8731,50.0
8732,30.0
8733,38.0
8734,20.0
8735,30.0
8736,40.0
8737,20.0
8738,42.0
8739,40.0
8740,30.0
8741,10.0
8742,40.0
8743,10.0
8744,10.0
8745,40.0
8746,50.0
8747,40.0
8748,30.0
8749,63.0
8750,0.0
8751,10.0
8752,40.0
8753,40.0
8754,30.0
8755,20.0
8756,0.0
8757,30.0
8758,20.0
8759,30.0
8760,30.0
8761,30.0
8762,10.0
8763,30.0
8764,20.0
8765,30.0
8766,40.0
8767,40.0
8768,40.0
8769,50.0
8770,45.0
8771,10.0
8772,10.0
8773,25.0
8774,50.0
8775,30.0
8776,20.0
8777,25.0
8778,25.0
8779,20.0
8780,40.0
8781,30.0
8782,40.0
8783,20.0
8784,25.0
8785,37.0
8786,10.0
8787,20.0
8788,10.0
8789,70.0
8790,30.0
8791,80.0
8793,40.0
8794,30.0
8795,25.0
8796,20.0
8797,10.0
8798,0.0
8799,30.0
